-- phpMyAdmin SQL Dump
-- version 4.4.3
-- http://www.phpmyadmin.net
--
-- Host: localhost
-- Generation Time: 2015-09-21 09:00:22
-- 服务器版本： 5.6.24
-- PHP Version: 5.6.8

SET SQL_MODE = "NO_AUTO_VALUE_ON_ZERO";
SET time_zone = "+00:00";


/*!40101 SET @OLD_CHARACTER_SET_CLIENT=@@CHARACTER_SET_CLIENT */;
/*!40101 SET @OLD_CHARACTER_SET_RESULTS=@@CHARACTER_SET_RESULTS */;
/*!40101 SET @OLD_COLLATION_CONNECTION=@@COLLATION_CONNECTION */;
/*!40101 SET NAMES utf8 */;

--
-- Database: `inventory`
--

-- --------------------------------------------------------

--
-- 表的结构 `menu_category`
--

CREATE TABLE IF NOT EXISTS `menu_category` (
  `id` int(255) NOT NULL,
  `menu_cate_name` varchar(100) CHARACTER SET utf8 NOT NULL,
  `keyword` varchar(100) CHARACTER SET latin1 NOT NULL,
  `reserve` varchar(100) CHARACTER SET latin1 NOT NULL
) ENGINE=InnoDB AUTO_INCREMENT=69 DEFAULT CHARSET=utf8 COLLATE=utf8_bin;

--
-- 转存表中的数据 `menu_category`
--

INSERT INTO `menu_category` (`id`, `menu_cate_name`, `keyword`, `reserve`) VALUES
(34, '心脏保健', '', ''),
(43, '青年系列', '', ''),
(45, '美容美发', '', ''),
(46, '美容系列', '', ''),
(47, '补钙系列', '', ''),
(53, '儿童营养', '', ''),
(54, ' 抗氧化抗衰老老年保健系列', '', ''),
(65, '提交新菜单', '', ''),
(68, '测试1', '', '');

-- --------------------------------------------------------

--
-- 表的结构 `ord_product`
--

CREATE TABLE IF NOT EXISTS `ord_product` (
  `id` int(40) NOT NULL,
  `pro_uuid` varchar(50) CHARACTER SET utf8 NOT NULL,
  `pro_name` varchar(50) CHARACTER SET utf8 NOT NULL,
  `pro_img` varchar(100) CHARACTER SET utf8 NOT NULL,
  `pro_o_price` varchar(50) CHARACTER SET utf8 NOT NULL,
  `pro_m_price` double NOT NULL,
  `pro_amount` float NOT NULL,
  `pro_quantity` varchar(10) COLLATE utf8_bin NOT NULL,
  `ord_uuid` varchar(100) CHARACTER SET utf8 NOT NULL,
  `pro_pro_type` int(11) NOT NULL
) ENGINE=InnoDB AUTO_INCREMENT=203 DEFAULT CHARSET=utf8 COLLATE=utf8_bin;

--
-- 转存表中的数据 `ord_product`
--

INSERT INTO `ord_product` (`id`, `pro_uuid`, `pro_name`, `pro_img`, `pro_o_price`, `pro_m_price`, `pro_amount`, `pro_quantity`, `ord_uuid`, `pro_pro_type`) VALUES
(1, '25345ED5-8F06-6F07-949D-C9562E147C55', '测试1', 'image/pro_img/D43B8EFB-D6DD-A2F2-C0F3-10B3082D6AC6', '9.99', 9.99, 0, '1', 'A22410E6-2984-3A62-6EC6-46C78912C3E1', 0),
(2, '44046AC4-572B-1B5D-54ED-3C65BA1FAE06-1429394517', '测试药品', 'image/pro_img/44046AC4-572B-1B5D-54ED-3C65BA1FAE06', '0', 0, 0, '1', 'A22410E6-2984-3A62-6EC6-46C78912C3E1', 0),
(3, 'D938B0AB-AB4D-954A-226A-DCFB67B74800-1429394550', 'ceshi', 'image/pro_img/D938B0AB-AB4D-954A-226A-DCFB67B74800', '0', 0, 0, '1', 'A22410E6-2984-3A62-6EC6-46C78912C3E1', 0),
(4, '78267AE2-7FDA-567B-2398-3D336D960F67-1429399131', '测试药品', 'image/pro_img/78267AE2-7FDA-567B-2398-3D336D960F67', '0', 0, 0, '1', 'A22410E6-2984-3A62-6EC6-46C78912C3E1', 0),
(5, '933C94C9-7361-0A6E-301C-8FD8DEE8A7A6-1425346440', '重复测试', 'image/pro_img/D43B8EFB-D6DD-A2F2-C0F3-10B3082D6AC6', '5', 5, 0, '1', 'A22410E6-2984-3A62-6EC6-46C78912C3E1', 0),
(6, '933C94C9-7361-0A6E-301C-8FD8DEE8A7A6-1425346440', '重复测试', 'image/pro_img/D43B8EFB-D6DD-A2F2-C0F3-10B3082D6AC6', '5', 5, 0, '1', '269669B4-EC41-EE01-39B4-9886C8DFEA99', 0),
(7, 'DBEC3FB5-F942-F440-664A-4B2A16A4C80A1425341635', '测试2', 'image/pro_img/D43B8EFB-D6DD-A2F2-C0F3-10B3082D6AC6', '200', 100, 0, '2', '269669B4-EC41-EE01-39B4-9886C8DFEA99', 0),
(8, '3E734DDC-59E5-0E9E-1931-29125E13574D-1425341665', '测试3', 'image/pro_img/D43B8EFB-D6DD-A2F2-C0F3-10B3082D6AC6', '63', 21, 0, '3', '269669B4-EC41-EE01-39B4-9886C8DFEA99', 0),
(9, '933C94C9-7361-0A6E-301C-8FD8DEE8A7A6-1425346440', '重复测试', 'image/pro_img/D43B8EFB-D6DD-A2F2-C0F3-10B3082D6AC6', '5', 5, 0, '1', 'FBE40A44-E9A4-9EC4-D7B8-51B766A206C5', 0),
(10, 'DBEC3FB5-F942-F440-664A-4B2A16A4C80A1425341635', '测试2', 'image/pro_img/D43B8EFB-D6DD-A2F2-C0F3-10B3082D6AC6', '200', 100, 0, '2', 'FBE40A44-E9A4-9EC4-D7B8-51B766A206C5', 0),
(11, '3E734DDC-59E5-0E9E-1931-29125E13574D-1425341665', '测试3', 'image/pro_img/D43B8EFB-D6DD-A2F2-C0F3-10B3082D6AC6', '63', 21, 0, '3', 'FBE40A44-E9A4-9EC4-D7B8-51B766A206C5', 0),
(12, '933C94C9-7361-0A6E-301C-8FD8DEE8A7A6-1425346440', '重复测试', 'image/pro_img/D43B8EFB-D6DD-A2F2-C0F3-10B3082D6AC6', '5', 5, 0, '1', '6662BC91-0FCC-8CE6-D3B0-2B0D0060FE78', 0),
(13, 'DBEC3FB5-F942-F440-664A-4B2A16A4C80A1425341635', '测试2', 'image/pro_img/D43B8EFB-D6DD-A2F2-C0F3-10B3082D6AC6', '200', 100, 0, '2', '6662BC91-0FCC-8CE6-D3B0-2B0D0060FE78', 0),
(14, '3E734DDC-59E5-0E9E-1931-29125E13574D-1425341665', '测试3', 'image/pro_img/D43B8EFB-D6DD-A2F2-C0F3-10B3082D6AC6', '63', 21, 0, '3', '6662BC91-0FCC-8CE6-D3B0-2B0D0060FE78', 0),
(15, '933C94C9-7361-0A6E-301C-8FD8DEE8A7A6-1425346440', '重复测试', 'image/pro_img/D43B8EFB-D6DD-A2F2-C0F3-10B3082D6AC6', '5', 5, 0, '1', '3E58EC44-4ADE-C766-19D3-74FD5FB9B49B', 0),
(16, 'DBEC3FB5-F942-F440-664A-4B2A16A4C80A1425341635', '测试2', 'image/pro_img/D43B8EFB-D6DD-A2F2-C0F3-10B3082D6AC6', '200', 100, 0, '2', '3E58EC44-4ADE-C766-19D3-74FD5FB9B49B', 0),
(17, '3E734DDC-59E5-0E9E-1931-29125E13574D-1425341665', '测试3', 'image/pro_img/D43B8EFB-D6DD-A2F2-C0F3-10B3082D6AC6', '63', 21, 0, '3', '3E58EC44-4ADE-C766-19D3-74FD5FB9B49B', 0),
(18, '933C94C9-7361-0A6E-301C-8FD8DEE8A7A6-1425346440', '重复测试', 'image/pro_img/D43B8EFB-D6DD-A2F2-C0F3-10B3082D6AC6', '15', 5, 0, '3', '3E58EC44-4ADE-C766-19D3-74FD5FB9B49B', 0),
(19, '933C94C9-7361-0A6E-301C-8FD8DEE8A7A6-1425346440', '重复测试', 'image/pro_img/D43B8EFB-D6DD-A2F2-C0F3-10B3082D6AC6', '5', 5, 0, '1', '470FD9D6-6210-DC9B-55E5-D5710F423189', 0),
(20, 'DBEC3FB5-F942-F440-664A-4B2A16A4C80A1425341635', '测试2', 'image/pro_img/D43B8EFB-D6DD-A2F2-C0F3-10B3082D6AC6', '200', 100, 0, '2', '470FD9D6-6210-DC9B-55E5-D5710F423189', 0),
(21, '3E734DDC-59E5-0E9E-1931-29125E13574D-1425341665', '测试3', 'image/pro_img/D43B8EFB-D6DD-A2F2-C0F3-10B3082D6AC6', '63', 21, 0, '3', '470FD9D6-6210-DC9B-55E5-D5710F423189', 0),
(22, '933C94C9-7361-0A6E-301C-8FD8DEE8A7A6-1425346440', '重复测试', 'image/pro_img/D43B8EFB-D6DD-A2F2-C0F3-10B3082D6AC6', '15', 5, 0, '3', '470FD9D6-6210-DC9B-55E5-D5710F423189', 0),
(23, 'DBEC3FB5-F942-F440-664A-4B2A16A4C80A1425341635', '测试2', 'image/pro_img/D43B8EFB-D6DD-A2F2-C0F3-10B3082D6AC6', '200', 100, 0, '2', 'CC3B935E-FAEB-A46C-E953-A7FF4FA75C2D', 0),
(24, '3E734DDC-59E5-0E9E-1931-29125E13574D-1425341665', '测试3', 'image/pro_img/D43B8EFB-D6DD-A2F2-C0F3-10B3082D6AC6', '63', 21, 0, '3', 'CC3B935E-FAEB-A46C-E953-A7FF4FA75C2D', 0),
(25, '86CE0DA4-7B4E-9FA1-E79E-FF18FA2C8CC3-1425345872', '测试4', 'image/pro_img/D43B8EFB-D6DD-A2F2-C0F3-10B3082D6AC6', '32', 32, 0, '1', 'CC3B935E-FAEB-A46C-E953-A7FF4FA75C2D', 0),
(26, 'DBEC3FB5-F942-F440-664A-4B2A16A4C80A1425341635', '测试2', 'image/pro_img/D43B8EFB-D6DD-A2F2-C0F3-10B3082D6AC6-1425345956.jpg', '200', 100, 0, '2', '3E5896CD-7445-4831-1349-B854E0CF5CE8', 0),
(27, '3E734DDC-59E5-0E9E-1931-29125E13574D-1425341665', '测试3', 'image/pro_img/D43B8EFB-D6DD-A2F2-C0F3-10B3082D6AC6-1425345956.jpg', '63', 21, 0, '3', '3E5896CD-7445-4831-1349-B854E0CF5CE8', 0),
(28, '86CE0DA4-7B4E-9FA1-E79E-FF18FA2C8CC3-1425345872', '测试4', 'image/pro_img/D43B8EFB-D6DD-A2F2-C0F3-10B3082D6AC6-1425345956.jpg', '32', 32, 0, '1', '3E5896CD-7445-4831-1349-B854E0CF5CE8', 0),
(29, 'DBEC3FB5-F942-F440-664A-4B2A16A4C80A1425341635', '测试2', 'image/pro_img/D43B8EFB-D6DD-A2F2-C0F3-10B3082D6AC6-1425345956.jpg', '200', 100, 0, '2', '42999F85-66D7-8697-AF03-C3CD6860BAB2', 0),
(30, '3E734DDC-59E5-0E9E-1931-29125E13574D-1425341665', '测试3', 'image/pro_img/D43B8EFB-D6DD-A2F2-C0F3-10B3082D6AC6-1425345956.jpg', '63', 21, 0, '3', '42999F85-66D7-8697-AF03-C3CD6860BAB2', 0),
(31, '86CE0DA4-7B4E-9FA1-E79E-FF18FA2C8CC3-1425345872', '测试4', 'image/pro_img/D43B8EFB-D6DD-A2F2-C0F3-10B3082D6AC6-1425345956.jpg', '32', 32, 0, '1', '42999F85-66D7-8697-AF03-C3CD6860BAB2', 0),
(32, '933C94C9-7361-0A6E-301C-8FD8DEE8A7A6-1425346440', '重复测试', 'image/pro_img/D43B8EFB-D6DD-A2F2-C0F3-10B3082D6AC6-1425345956.jpg', '5', 5, 0, '1', '42999F85-66D7-8697-AF03-C3CD6860BAB2', 0),
(33, 'DBEC3FB5-F942-F440-664A-4B2A16A4C80A1425341635', '测试2', 'image/pro_img/D43B8EFB-D6DD-A2F2-C0F3-10B3082D6AC6-1425345956.jpg', '200', 100, 0, '2', '36089624-FFB8-38ED-BF6B-5B99E7668B1A', 0),
(34, '3E734DDC-59E5-0E9E-1931-29125E13574D-1425341665', '测试3', 'image/pro_img/D43B8EFB-D6DD-A2F2-C0F3-10B3082D6AC6-1425345956.jpg', '63', 21, 0, '3', '36089624-FFB8-38ED-BF6B-5B99E7668B1A', 0),
(35, '86CE0DA4-7B4E-9FA1-E79E-FF18FA2C8CC3-1425345872', '测试4', 'image/pro_img/D43B8EFB-D6DD-A2F2-C0F3-10B3082D6AC6-1425345956.jpg', '32', 32, 0, '1', '36089624-FFB8-38ED-BF6B-5B99E7668B1A', 0),
(36, '933C94C9-7361-0A6E-301C-8FD8DEE8A7A6-1425346440', '重复测试', 'image/pro_img/D43B8EFB-D6DD-A2F2-C0F3-10B3082D6AC6-1425345956.jpg', '5', 5, 0, '1', '36089624-FFB8-38ED-BF6B-5B99E7668B1A', 0),
(37, '25345ED5-8F06-6F07-949D-C9562E147C55', '测试1', 'image/pro_img/D43B8EFB-D6DD-A2F2-C0F3-10B3082D6AC6-1425345956.jpg', '29.97', 9.99, 0, '3', '36089624-FFB8-38ED-BF6B-5B99E7668B1A', 0),
(38, '25345ED5-8F06-6F07-949D-C9562E147C55', '测试1', 'image/pro_img/D43B8EFB-D6DD-A2F2-C0F3-10B3082D6AC6-1425345956.jpg', '29.97', 9.99, 0, '3', '36089624-FFB8-38ED-BF6B-5B99E7668B1A', 0),
(39, '25345ED5-8F06-6F07-949D-C9562E147C55', '测试1', 'image/pro_img/D43B8EFB-D6DD-A2F2-C0F3-10B3082D6AC6-1425345956.jpg', '9.99', 9.99, 0, '1', 'C381ADEB-EA72-745C-3132-4F49C1D0DC2C', 0),
(40, '25345ED5-8F06-6F07-949D-C9562E147C55', '测试1', 'image/pro_img/D43B8EFB-D6DD-A2F2-C0F3-10B3082D6AC6-1425345956.jpg', '39.96', 9.99, 0, '4', '208BEC65-5057-6816-EA3F-5206DBD9B66C', 0),
(41, '86CE0DA4-7B4E-9FA1-E79E-FF18FA2C8CC3-1425345872', '测试4', 'image/pro_img/D43B8EFB-D6DD-A2F2-C0F3-10B3082D6AC6-1425345956.jpg', '12.5', 12.5, 0, '1', 'C4ED68EE-EAB2-537C-DB0C-D3A1F285A548', 0),
(42, '86CE0DA4-7B4E-9FA1-E79E-FF18FA2C8CC3-1425345872', '测试4', 'image/pro_img/D43B8EFB-D6DD-A2F2-C0F3-10B3082D6AC6-1425345956.jpg', '37.5', 12.5, 0, '3', 'C4ED68EE-EAB2-537C-DB0C-D3A1F285A548', 0),
(43, '86CE0DA4-7B4E-9FA1-E79E-FF18FA2C8CC3-1425345872', '测试4', 'image/pro_img/D43B8EFB-D6DD-A2F2-C0F3-10B3082D6AC6-1425345956.jpg', '12.5', 12.5, 0, '1', '628D3A0E-9844-F384-A532-024C2BBDA777', 0),
(44, '86CE0DA4-7B4E-9FA1-E79E-FF18FA2C8CC3-1425345872', '测试4', 'image/pro_img/D43B8EFB-D6DD-A2F2-C0F3-10B3082D6AC6-1425345956.jpg', '37.5', 12.5, 0, '3', '628D3A0E-9844-F384-A532-024C2BBDA777', 0),
(45, 'DBEC3FB5-F942-F440-664A-4B2A16A4C80A1425341635', '测试2', 'image/pro_img/D43B8EFB-D6DD-A2F2-C0F3-10B3082D6AC6-1425345956.jpg', '5', 5, 0, '1', '628D3A0E-9844-F384-A532-024C2BBDA777', 0),
(46, 'DBEC3FB5-F942-F440-664A-4B2A16A4C80A1425341635', '测试2', 'image/pro_img/D43B8EFB-D6DD-A2F2-C0F3-10B3082D6AC6-1425345956.jpg', '5', 5, 0, '1', '628D3A0E-9844-F384-A532-024C2BBDA777', 0),
(47, 'D43B8EFB-D6DD-A2F2-C0F3-10B3082D6AC6-1425345956', '测测是是', 'image/pro_img/D43B8EFB-D6DD-A2F2-C0F3-10B3082D6AC6-1425345956.jpg', '12', 15, 0, '1', '628D3A0E-9844-F384-A532-024C2BBDA777', 0),
(48, '44046AC4-572B-1B5D-54ED-3C65BA1FAE06-1429394517', '测试药品', 'image/pro_img/44046AC4-572B-1B5D-54ED-3C65BA1FAE06-1429394517.jpg', '20', 25, 0, '1', '628D3A0E-9844-F384-A532-024C2BBDA777', 0),
(49, '86CE0DA4-7B4E-9FA1-E79E-FF18FA2C8CC3-1425345872', '测试4', 'image/pro_img/D43B8EFB-D6DD-A2F2-C0F3-10B3082D6AC6-1425345956.jpg', '12.5', 12.5, 0, '1', '689792C1-3990-0569-833E-4BC50A8A0495', 0),
(50, '86CE0DA4-7B4E-9FA1-E79E-FF18FA2C8CC3-1425345872', '测试4', 'image/pro_img/D43B8EFB-D6DD-A2F2-C0F3-10B3082D6AC6-1425345956.jpg', '37.5', 12.5, 0, '3', '689792C1-3990-0569-833E-4BC50A8A0495', 0),
(51, 'DBEC3FB5-F942-F440-664A-4B2A16A4C80A1425341635', '测试2', 'image/pro_img/D43B8EFB-D6DD-A2F2-C0F3-10B3082D6AC6-1425345956.jpg', '5', 5, 0, '1', '689792C1-3990-0569-833E-4BC50A8A0495', 0),
(52, 'DBEC3FB5-F942-F440-664A-4B2A16A4C80A1425341635', '测试2', 'image/pro_img/D43B8EFB-D6DD-A2F2-C0F3-10B3082D6AC6-1425345956.jpg', '5', 5, 0, '1', '689792C1-3990-0569-833E-4BC50A8A0495', 0),
(53, 'D43B8EFB-D6DD-A2F2-C0F3-10B3082D6AC6-1425345956', '测测是是', 'image/pro_img/D43B8EFB-D6DD-A2F2-C0F3-10B3082D6AC6-1425345956.jpg', '12', 15, 0, '1', '689792C1-3990-0569-833E-4BC50A8A0495', 0),
(54, '44046AC4-572B-1B5D-54ED-3C65BA1FAE06-1429394517', '测试药品', 'image/pro_img/44046AC4-572B-1B5D-54ED-3C65BA1FAE06-1429394517.jpg', '20', 25, 0, '1', '689792C1-3990-0569-833E-4BC50A8A0495', 0),
(55, 'DBEC3FB5-F942-F440-664A-4B2A16A4C80A1425341635', '测试2', 'image/pro_img/D43B8EFB-D6DD-A2F2-C0F3-10B3082D6AC6-1425345956.jpg', '5', 5, 0, '1', '68F4605A-92B8-6A37-455C-237388B5E514', 0),
(56, 'DBEC3FB5-F942-F440-664A-4B2A16A4C80A1425341635', '测试2', 'image/pro_img/D43B8EFB-D6DD-A2F2-C0F3-10B3082D6AC6-1425345956.jpg', '5', 5, 0, '1', '68F4605A-92B8-6A37-455C-237388B5E514', 0),
(57, 'DBEC3FB5-F942-F440-664A-4B2A16A4C80A1425341635', '测试2', 'image/pro_img/D43B8EFB-D6DD-A2F2-C0F3-10B3082D6AC6-1425345956.jpg', '5', 5, 0, '1', '9B1B5789-F415-A835-426F-59D8BB080930', 0),
(58, 'DBEC3FB5-F942-F440-664A-4B2A16A4C80A1425341635', '测试2', 'image/pro_img/D43B8EFB-D6DD-A2F2-C0F3-10B3082D6AC6-1425345956.jpg', '5', 5, 0, '1', '9B1B5789-F415-A835-426F-59D8BB080930', 0),
(59, 'DBEC3FB5-F942-F440-664A-4B2A16A4C80A1425341635', '测试2', 'image/pro_img/D43B8EFB-D6DD-A2F2-C0F3-10B3082D6AC6-1425345956.jpg', '5', 5, 0, '1', 'D8D8F09C-A8EB-B88F-C8D7-B9F084F828E1', 0),
(60, 'DBEC3FB5-F942-F440-664A-4B2A16A4C80A1425341635', '测试2', 'image/pro_img/D43B8EFB-D6DD-A2F2-C0F3-10B3082D6AC6-1425345956.jpg', '5', 5, 0, '1', 'D8D8F09C-A8EB-B88F-C8D7-B9F084F828E1', 0),
(61, '3E734DDC-59E5-0E9E-1931-29125E13574D-1425341665', '测试3', 'image/pro_img/D43B8EFB-D6DD-A2F2-C0F3-10B3082D6AC6-1425345956.jpg', '10', 10, 0, '1', '9102A039-7EB0-8F3F-0CA0-2A587FD0E486', 0),
(62, '933C94C9-7361-0A6E-301C-8FD8DEE8A7A6-1425346440', '重复测试', 'image/pro_img/D43B8EFB-D6DD-A2F2-C0F3-10B3082D6AC6-1425345956.jpg', '16', 20, 0, '1', '9102A039-7EB0-8F3F-0CA0-2A587FD0E486', 0),
(63, 'DBEC3FB5-F942-F440-664A-4B2A16A4C80A1425341635', '测试2', 'image/pro_img/D43B8EFB-D6DD-A2F2-C0F3-10B3082D6AC6-1425345956.jpg', '5', 5, 0, '1', 'C5551D1B-45F4-7399-E793-CB9264123745', 0),
(64, 'D43B8EFB-D6DD-A2F2-C0F3-10B3082D6AC6-1425345956', '测测是是', 'image/pro_img/D43B8EFB-D6DD-A2F2-C0F3-10B3082D6AC6-1425345956.jpg', '12', 15, 0, '1', 'C5551D1B-45F4-7399-E793-CB9264123745', 0),
(65, 'DBEC3FB5-F942-F440-664A-4B2A16A4C80A1425341635', '测试2', 'image/pro_img/D43B8EFB-D6DD-A2F2-C0F3-10B3082D6AC6-1425345956.jpg', '15', 5, 0, '3', 'EADB0C01-2088-7D9F-6207-3C1F56EEDEF4', 0),
(66, 'DBEC3FB5-F942-F440-664A-4B2A16A4C80A1425341635', '测试2', 'image/pro_img/D43B8EFB-D6DD-A2F2-C0F3-10B3082D6AC6-1425345956.jpg', '15', 5, 0, '3', '3D98896F-742B-379F-7289-95B7E61401EB', 0),
(67, 'DBEC3FB5-F942-F440-664A-4B2A16A4C80A1425341635', '测试2', 'image/pro_img/D43B8EFB-D6DD-A2F2-C0F3-10B3082D6AC6-1425345956.jpg', '15', 5, 0, '3', '446C0674-AC61-5AD6-058E-61E0AA8850DC', 0),
(68, 'D43B8EFB-D6DD-A2F2-C0F3-10B3082D6AC6-1425345956', '测测是是', 'image/pro_img/D43B8EFB-D6DD-A2F2-C0F3-10B3082D6AC6-1425345956.jpg', '15', 15, 0, '1', '5ABB6E64-C338-46CD-CE0C-8876A5269CF1', 0),
(69, 'DBEC3FB5-F942-F440-664A-4B2A16A4C80A1425341635', '测试2', 'image/pro_img/D43B8EFB-D6DD-A2F2-C0F3-10B3082D6AC6-1425345956.jpg', '15', 5, 0, '3', '5ABB6E64-C338-46CD-CE0C-8876A5269CF1', 0),
(70, 'DBEC3FB5-F942-F440-664A-4B2A16A4C80A1425341635', '测试2', 'image/pro_img/D43B8EFB-D6DD-A2F2-C0F3-10B3082D6AC6-1425345956.jpg', '5', 5, 0, '1', '10A0FB2F-D807-F841-C97B-70ACBAA22A3B', 0),
(71, 'D43B8EFB-D6DD-A2F2-C0F3-10B3082D6AC6-1425345956', '测测是是', 'image/pro_img/D43B8EFB-D6DD-A2F2-C0F3-10B3082D6AC6-1425345956.jpg', '15', 15, 0, '1', '6EAC7187-C348-4505-5C12-CD7DC855F0D4', 0),
(72, '86CE0DA4-7B4E-9FA1-E79E-FF18FA2C8CC3-1425345872', '测试4', 'image/pro_img/D43B8EFB-D6DD-A2F2-C0F3-10B3082D6AC6-1425345956.jpg', '12.5', 12.5, 0, '1', '6EAC7187-C348-4505-5C12-CD7DC855F0D4', 0),
(73, 'D43B8EFB-D6DD-A2F2-C0F3-10B3082D6AC6-1425345956', '测测是是', 'image/pro_img/D43B8EFB-D6DD-A2F2-C0F3-10B3082D6AC6-1425345956.jpg', '24', 15, 0, '2', '64D4A1E1-EE3F-0827-32AC-FE445DFF1C79', 0),
(74, 'D43B8EFB-D6DD-A2F2-C0F3-10B3082D6AC6-1425345956', '测测是是', 'image/pro_img/D43B8EFB-D6DD-A2F2-C0F3-10B3082D6AC6-1425345956.jpg', '24', 15, 0, '2', '64D4A1E1-EE3F-0827-32AC-FE445DFF1C79', 0),
(75, 'DBEC3FB5-F942-F440-664A-4B2A16A4C80A1425341635', '测试2', 'image/pro_img/D43B8EFB-D6DD-A2F2-C0F3-10B3082D6AC6-1425345956.jpg', '5', 5, 0, '1', 'BD8B74A4-4687-C55D-1EA5-A43F251CFA53', 0),
(76, '3E734DDC-59E5-0E9E-1931-29125E13574D-1425341665', '测试3', 'image/pro_img/D43B8EFB-D6DD-A2F2-C0F3-10B3082D6AC6-1425345956.jpg', '30', 10, 0, '3', '35C1275F-2369-843C-DDFD-6072F9A8674D', 0),
(77, '86CE0DA4-7B4E-9FA1-E79E-FF18FA2C8CC3-1425345872', '测试4', 'image/pro_img/D43B8EFB-D6DD-A2F2-C0F3-10B3082D6AC6-1425345956.jpg', '37.5', 12.5, 0, '3', 'D19382C3-6FA4-F49B-0C1F-062F00B345FD', 0),
(78, 'D43B8EFB-D6DD-A2F2-C0F3-10B3082D6AC6-1425345956', '测测是是', 'image/pro_img/D43B8EFB-D6DD-A2F2-C0F3-10B3082D6AC6-1425345956.jpg', '12', 15, 0, '1', 'D19382C3-6FA4-F49B-0C1F-062F00B345FD', 0),
(79, 'DBEC3FB5-F942-F440-664A-4B2A16A4C80A1425341635', '测试2', 'image/pro_img/D43B8EFB-D6DD-A2F2-C0F3-10B3082D6AC6-1425345956.jpg', '5', 5, 0, '1', 'D19382C3-6FA4-F49B-0C1F-062F00B345FD', 0),
(80, 'DBEC3FB5-F942-F440-664A-4B2A16A4C80A1425341635', '测试2', 'image/pro_img/D43B8EFB-D6DD-A2F2-C0F3-10B3082D6AC6-1425345956.jpg', '15', 5, 0, '3', 'D19382C3-6FA4-F49B-0C1F-062F00B345FD', 0),
(81, 'DBEC3FB5-F942-F440-664A-4B2A16A4C80A1425341635', '测试2', 'image/pro_img/D43B8EFB-D6DD-A2F2-C0F3-10B3082D6AC6-1425345956.jpg', '15', 5, 0, '3', '1CF49BB8-AF7E-4B4B-9EAC-26AD8E471C15', 0),
(82, '86CE0DA4-7B4E-9FA1-E79E-FF18FA2C8CC3-1425345872', '测试4', 'image/pro_img/D43B8EFB-D6DD-A2F2-C0F3-10B3082D6AC6-1425345956.jpg', '37.5', 12.5, 0, '3', '1CF49BB8-AF7E-4B4B-9EAC-26AD8E471C15', 0),
(83, 'D43B8EFB-D6DD-A2F2-C0F3-10B3082D6AC6-1425345956', '测测是是', 'image/pro_img/D43B8EFB-D6DD-A2F2-C0F3-10B3082D6AC6-1425345956.jpg', '24', 15, 0, '2', '1CF49BB8-AF7E-4B4B-9EAC-26AD8E471C15', 0),
(84, 'DBEC3FB5-F942-F440-664A-4B2A16A4C80A1425341635', '测试2', 'image/pro_img/D43B8EFB-D6DD-A2F2-C0F3-10B3082D6AC6-1425345956.jpg', '5', 5, 0, '1', 'B975F363-9FBB-50C2-2E0B-458F30CE3896', 0),
(85, 'DBEC3FB5-F942-F440-664A-4B2A16A4C80A1425341635', '测试2', 'image/pro_img/D43B8EFB-D6DD-A2F2-C0F3-10B3082D6AC6-1425345956.jpg', '15', 5, 0, '3', 'FBD20BF9-C612-F97E-2759-870B3BCDCB47', 0),
(86, 'DBEC3FB5-F942-F440-664A-4B2A16A4C80A1425341635', '测试2', 'image/pro_img/D43B8EFB-D6DD-A2F2-C0F3-10B3082D6AC6-1425345956.jpg', '15', 5, 0, '3', 'A74D8C6D-97E0-2FD8-D81B-F4BEF68E3E3D', 0),
(87, 'DBEC3FB5-F942-F440-664A-4B2A16A4C80A1425341635', '测试2', 'image/pro_img/D43B8EFB-D6DD-A2F2-C0F3-10B3082D6AC6-1425345956.jpg', '25', 5, 0, '5', 'A74D8C6D-97E0-2FD8-D81B-F4BEF68E3E3D', 0),
(88, 'D43B8EFB-D6DD-A2F2-C0F3-10B3082D6AC6-1425345956', '测测是是', 'image/pro_img/D43B8EFB-D6DD-A2F2-C0F3-10B3082D6AC6-1425345956.jpg', '12', 15, 0, '1', 'AE469EDB-967C-C974-C3FE-C819851A6B73', 0),
(89, '3E734DDC-59E5-0E9E-1931-29125E13574D-1425341665', '测试3', 'image/pro_img/D43B8EFB-D6DD-A2F2-C0F3-10B3082D6AC6-1425345956.jpg', '30', 10, 0, '3', '24B7CA3F-9C2F-ED6F-0259-A96F37D910BD', 0),
(90, 'DBEC3FB5-F942-F440-664A-4B2A16A4C80A1425341635', '测试2', 'image/pro_img/D43B8EFB-D6DD-A2F2-C0F3-10B3082D6AC6-1425345956.jpg', '15', 5, 0, '3', 'C1B93A71-EE09-3C76-1E91-5F6AADF35D6F', 0),
(91, 'D43B8EFB-D6DD-A2F2-C0F3-10B3082D6AC6-1425345956', '测测是是', 'image/pro_img/D43B8EFB-D6DD-A2F2-C0F3-10B3082D6AC6-1425345956.jpg', '12', 15, 0, '1', 'C1B93A71-EE09-3C76-1E91-5F6AADF35D6F', 0),
(92, 'DBEC3FB5-F942-F440-664A-4B2A16A4C80A1425341635', '测试2', 'image/pro_img/D43B8EFB-D6DD-A2F2-C0F3-10B3082D6AC6-1425345956.jpg', '15', 5, 0, '3', 'A2905BA9-53E5-6260-8547-84D554C05AA4', 0),
(93, 'DBEC3FB5-F942-F440-664A-4B2A16A4C80A1425341635', '测试2', 'image/pro_img/D43B8EFB-D6DD-A2F2-C0F3-10B3082D6AC6-1425345956.jpg', '15', 5, 0, '3', 'D0DBDCE5-9FCB-270E-25FF-9E979BFD35A9', 0),
(94, '3E734DDC-59E5-0E9E-1931-29125E13574D-1425341665', '测试3', 'image/pro_img/D43B8EFB-D6DD-A2F2-C0F3-10B3082D6AC6-1425345956.jpg', '30', 10, 0, '3', 'D047B1A9-D9BB-C4EE-A2D3-E5EFD9983BE7', 0),
(95, 'D43B8EFB-D6DD-A2F2-C0F3-10B3082D6AC6-1425345956', '测测是是', 'image/pro_img/D43B8EFB-D6DD-A2F2-C0F3-10B3082D6AC6-1425345956.jpg', '12', 15, 0, '1', 'D047B1A9-D9BB-C4EE-A2D3-E5EFD9983BE7', 0),
(96, 'DBEC3FB5-F942-F440-664A-4B2A16A4C80A1425341635', '测试2', 'image/pro_img/D43B8EFB-D6DD-A2F2-C0F3-10B3082D6AC6-1425345956.jpg', '15', 5, 0, '3', '0C4FB7EA-54F8-8D7F-1E54-65DD3F837313', 0),
(97, 'DBEC3FB5-F942-F440-664A-4B2A16A4C80A1425341635', '测试2', 'image/pro_img/D43B8EFB-D6DD-A2F2-C0F3-10B3082D6AC6-1425345956.jpg', '15', 5, 0, '3', 'CE5403F8-0CCE-54AB-607E-F940D767DDBD', 0),
(98, 'DBEC3FB5-F942-F440-664A-4B2A16A4C80A1425341635', '测试2', 'image/pro_img/D43B8EFB-D6DD-A2F2-C0F3-10B3082D6AC6-1425345956.jpg', '15', 5, 0, '3', '26D41D96-BED9-12D1-1F21-582348D86295', 0),
(99, 'DBEC3FB5-F942-F440-664A-4B2A16A4C80A1425341635', '测试2', 'image/pro_img/D43B8EFB-D6DD-A2F2-C0F3-10B3082D6AC6-1425345956.jpg', '15', 5, 0, '3', '7972DA2E-F260-72AD-42AA-F180BD87BE24', 0),
(100, 'D43B8EFB-D6DD-A2F2-C0F3-10B3082D6AC6-1425345956', '测测是是', 'image/pro_img/D43B8EFB-D6DD-A2F2-C0F3-10B3082D6AC6-1425345956.jpg', '12', 15, 0, '1', '7972DA2E-F260-72AD-42AA-F180BD87BE24', 0),
(101, 'DBEC3FB5-F942-F440-664A-4B2A16A4C80A1425341635', '测试2', 'image/pro_img/D43B8EFB-D6DD-A2F2-C0F3-10B3082D6AC6-1425345956.jpg', '15', 5, 0, '3', '72BA0CDD-C0FF-43ED-0C34-63249E474070', 0),
(102, 'D43B8EFB-D6DD-A2F2-C0F3-10B3082D6AC6-1425345956', '测测是是', 'image/pro_img/D43B8EFB-D6DD-A2F2-C0F3-10B3082D6AC6-1425345956.jpg', '12', 15, 0, '1', '72BA0CDD-C0FF-43ED-0C34-63249E474070', 0),
(103, 'DBEC3FB5-F942-F440-664A-4B2A16A4C80A1425341635', '测试2', 'image/pro_img/D43B8EFB-D6DD-A2F2-C0F3-10B3082D6AC6-1425345956.jpg', '15', 5, 0, '3', '079106A5-D74A-FFE6-DF6E-636B79D838E8', 0),
(104, 'D43B8EFB-D6DD-A2F2-C0F3-10B3082D6AC6-1425345956', '测测是是', 'image/pro_img/D43B8EFB-D6DD-A2F2-C0F3-10B3082D6AC6-1425345956.jpg', '12', 15, 0, '1', '079106A5-D74A-FFE6-DF6E-636B79D838E8', 0),
(105, 'DBEC3FB5-F942-F440-664A-4B2A16A4C80A1425341635', '测试2', 'image/pro_img/D43B8EFB-D6DD-A2F2-C0F3-10B3082D6AC6-1425345956.jpg', '15', 5, 0, '3', '5FA9CCB9-E75B-C686-0D42-FA7D1EE3689D', 0),
(106, 'D43B8EFB-D6DD-A2F2-C0F3-10B3082D6AC6-1425345956', '测测是是', 'image/pro_img/D43B8EFB-D6DD-A2F2-C0F3-10B3082D6AC6-1425345956.jpg', '12', 15, 0, '1', '5FA9CCB9-E75B-C686-0D42-FA7D1EE3689D', 0),
(107, 'DBEC3FB5-F942-F440-664A-4B2A16A4C80A1425341635', '测试2', 'image/pro_img/D43B8EFB-D6DD-A2F2-C0F3-10B3082D6AC6-1425345956.jpg', '15', 5, 0, '3', 'D2A0274B-EF2B-6280-BF07-E7FB546C1DB1', 0),
(108, '86CE0DA4-7B4E-9FA1-E79E-FF18FA2C8CC3-1425345872', '测试4', 'image/pro_img/D43B8EFB-D6DD-A2F2-C0F3-10B3082D6AC6-1425345956.jpg', '12.5', 12.5, 0, '1', 'D0C4514F-A871-DCAB-5F73-CB1CC515315E', 0),
(109, 'D43B8EFB-D6DD-A2F2-C0F3-10B3082D6AC6-1425345956', '测测是是', 'image/pro_img/D43B8EFB-D6DD-A2F2-C0F3-10B3082D6AC6-1425345956.jpg', '12', 15, 0, '1', 'C8F9B79E-797F-DBBB-675E-8B0888438173', 0),
(110, 'D43B8EFB-D6DD-A2F2-C0F3-10B3082D6AC6-1425345956', '测测是是', 'image/pro_img/D43B8EFB-D6DD-A2F2-C0F3-10B3082D6AC6-1425345956.jpg', '12', 15, 0, '1', '2BE21C79-0FD2-ED34-ABCF-B0D573AD55A6', 0),
(111, 'DBEC3FB5-F942-F440-664A-4B2A16A4C80A1425341635', '测试2', 'image/pro_img/D43B8EFB-D6DD-A2F2-C0F3-10B3082D6AC6-1425345956.jpg', '5', 5, 0, '1', '002F06C7-4ABE-79C5-FD0E-DCFD5E3BDA5B', 0),
(112, 'D43B8EFB-D6DD-A2F2-C0F3-10B3082D6AC6-1425345956', '测测是是', 'image/pro_img/D43B8EFB-D6DD-A2F2-C0F3-10B3082D6AC6-1425345956.jpg', '24', 15, 0, '2', 'EB3F2AA9-3ECC-157D-F610-BA6F79F140B7', 0),
(113, 'D43B8EFB-D6DD-A2F2-C0F3-10B3082D6AC6-1425345956', '测测是是', 'image/pro_img/D43B8EFB-D6DD-A2F2-C0F3-10B3082D6AC6-1425345956.jpg', '12', 15, 0, '1', '854AF210-31BE-348E-ADFB-56BBA4441F8E', 0),
(114, 'D43B8EFB-D6DD-A2F2-C0F3-10B3082D6AC6-1425345956', '测测是是', 'image/pro_img/D43B8EFB-D6DD-A2F2-C0F3-10B3082D6AC6-1425345956.jpg', '12', 15, 0, '1', '2D18AB84-9B77-5E25-3CD3-73D7F7FDE1C1', 0),
(115, 'D43B8EFB-D6DD-A2F2-C0F3-10B3082D6AC6-1425345956', '测测是是', 'image/pro_img/D43B8EFB-D6DD-A2F2-C0F3-10B3082D6AC6-1425345956.jpg', '12', 15, 0, '1', 'E4A1814F-0D31-B59C-AA2E-945A0202E50F', 0),
(116, 'D43B8EFB-D6DD-A2F2-C0F3-10B3082D6AC6-1425345956', '测测是是', 'image/pro_img/D43B8EFB-D6DD-A2F2-C0F3-10B3082D6AC6-1425345956.jpg', '12', 15, 0, '1', 'F99C2912-835B-2A79-E10B-A3A772E63B0B', 0),
(117, 'D43B8EFB-D6DD-A2F2-C0F3-10B3082D6AC6-1425345956', '测测是是', 'image/pro_img/D43B8EFB-D6DD-A2F2-C0F3-10B3082D6AC6-1425345956.jpg', '12', 15, 0, '1', '39F64809-1195-BAB8-7A0A-DAC935B06193', 0),
(118, 'D43B8EFB-D6DD-A2F2-C0F3-10B3082D6AC6-1425345956', '测测是是', 'image/pro_img/D43B8EFB-D6DD-A2F2-C0F3-10B3082D6AC6-1425345956.jpg', '12', 15, 0, '1', 'BA44BEAE-6933-1CAE-2612-47D04BE3E630', 0),
(119, 'D43B8EFB-D6DD-A2F2-C0F3-10B3082D6AC6-1425345956', '测测是是', 'image/pro_img/D43B8EFB-D6DD-A2F2-C0F3-10B3082D6AC6-1425345956.jpg', '12', 15, 0, '1', '6F987D38-ECC5-1DAD-45C5-BECC0EF9FC3D', 0),
(120, 'D43B8EFB-D6DD-A2F2-C0F3-10B3082D6AC6-1425345956', '测测是是', 'image/pro_img/D43B8EFB-D6DD-A2F2-C0F3-10B3082D6AC6-1425345956.jpg', '12', 15, 0, '1', '02D96357-DE48-34F2-BC37-9A6DA99F35B6', 0),
(121, 'D43B8EFB-D6DD-A2F2-C0F3-10B3082D6AC6-1425345956', '测测是是', 'image/pro_img/D43B8EFB-D6DD-A2F2-C0F3-10B3082D6AC6-1425345956.jpg', '12', 15, 0, '1', '20D60099-FE38-E2BA-A0D9-4585E55E79FD', 0),
(122, 'D43B8EFB-D6DD-A2F2-C0F3-10B3082D6AC6-1425345956', '测测是是', 'image/pro_img/D43B8EFB-D6DD-A2F2-C0F3-10B3082D6AC6-1425345956.jpg', '12', 15, 0, '1', 'B5D1ED7F-B6C2-C40C-8963-B325C581BD8B', 0),
(123, 'D43B8EFB-D6DD-A2F2-C0F3-10B3082D6AC6-1425345956', '测测是是', 'image/pro_img/D43B8EFB-D6DD-A2F2-C0F3-10B3082D6AC6-1425345956.jpg', '12', 15, 0, '1', 'EA54521A-66E5-EDEF-4F80-D661E57DC367', 0),
(124, '44046AC4-572B-1B5D-54ED-3C65BA1FAE06-1429394517', '测试药品', 'image/pro_img/44046AC4-572B-1B5D-54ED-3C65BA1FAE06-1429394517.jpg', '20', 25, 0, '1', 'CAFFFE85-55DD-E314-DC8A-3339C089B14F', 0),
(125, 'D43B8EFB-D6DD-A2F2-C0F3-10B3082D6AC6-1425345956', '测测是是', 'image/pro_img/D43B8EFB-D6DD-A2F2-C0F3-10B3082D6AC6-1425345956.jpg', '12', 15, 0, '1', '18A768B3-CA6C-1AAB-A2F0-0A230E321AEF', 0),
(126, '86CE0DA4-7B4E-9FA1-E79E-FF18FA2C8CC3-1425345872', '测试4', 'image/pro_img/D43B8EFB-D6DD-A2F2-C0F3-10B3082D6AC6-1425345956.jpg', '37.5', 12.5, 0, '3', '5404CC79-C590-BA21-C780-C5DDE0EFB220', 0),
(127, '3E734DDC-59E5-0E9E-1931-29125E13574D-1425341665', '测试3', 'image/pro_img/D43B8EFB-D6DD-A2F2-C0F3-10B3082D6AC6-1425345956.jpg', '10', 10, 0, '1', '16180058-A6A7-1BE6-AEAC-5563885853F4', 0),
(128, '86CE0DA4-7B4E-9FA1-E79E-FF18FA2C8CC3-1425345872', '测试4', 'image/pro_img/D43B8EFB-D6DD-A2F2-C0F3-10B3082D6AC6-1425345956.jpg', '12.5', 12.5, 0, '1', '66766940-D157-62B2-7AAF-1353E0ED65EB', 0),
(129, 'DBEC3FB5-F942-F440-664A-4B2A16A4C80A1425341635', '测试2', 'image/pro_img/D43B8EFB-D6DD-A2F2-C0F3-10B3082D6AC6-1425345956.jpg', '5', 5, 0, '1', '3FB702DD-0EE7-6E49-2032-71B3D24342E1', 0),
(130, '86CE0DA4-7B4E-9FA1-E79E-FF18FA2C8CC3-1425345872', '测试4', 'image/pro_img/D43B8EFB-D6DD-A2F2-C0F3-10B3082D6AC6-1425345956.jpg', '12.5', 12.5, 0, '1', 'D670AC83-2BBA-A2A2-F927-646ABDA84A21', 0),
(131, 'DBEC3FB5-F942-F440-664A-4B2A16A4C80A1425341635', '测试2', 'image/pro_img/D43B8EFB-D6DD-A2F2-C0F3-10B3082D6AC6-1425345956.jpg', '15', 5, 0, '3', 'E4EDA970-F30E-59D8-3B8B-6FE74EA2F7FC', 0),
(132, 'DBEC3FB5-F942-F440-664A-4B2A16A4C80A1425341635', '测试2', 'image/pro_img/D43B8EFB-D6DD-A2F2-C0F3-10B3082D6AC6-1425345956.jpg', '5', 5, 0, '1', 'B48EE74D-D486-2DDE-B83B-D23D683552AC', 0),
(133, 'D43B8EFB-D6DD-A2F2-C0F3-10B3082D6AC6-1425345956', '测测是是', 'image/pro_img/D43B8EFB-D6DD-A2F2-C0F3-10B3082D6AC6-1425345956.jpg', '12', 15, 0, '1', 'B48EE74D-D486-2DDE-B83B-D23D683552AC', 0),
(134, '86CE0DA4-7B4E-9FA1-E79E-FF18FA2C8CC3-1425345872', '测试4', 'image/pro_img/D43B8EFB-D6DD-A2F2-C0F3-10B3082D6AC6-1425345956.jpg', '12.5', 12.5, 0, '1', 'B1C9D971-0945-4EE5-07C2-59502EE9C51F', 0),
(135, 'DBEC3FB5-F942-F440-664A-4B2A16A4C80A1425341635', '测试2', 'image/pro_img/D43B8EFB-D6DD-A2F2-C0F3-10B3082D6AC6-1425345956.jpg', '15', 5, 0, '3', '41CDCC8C-144C-9201-22D8-0D0D132BC17D', 0),
(136, '3E734DDC-59E5-0E9E-1931-29125E13574D-1425341665', '测试3', 'image/pro_img/D43B8EFB-D6DD-A2F2-C0F3-10B3082D6AC6-1425345956.jpg', '30', 10, 0, '3', '41CDCC8C-144C-9201-22D8-0D0D132BC17D', 0),
(137, 'D43B8EFB-D6DD-A2F2-C0F3-10B3082D6AC6-1425345956', '测测是是', 'image/pro_img/D43B8EFB-D6DD-A2F2-C0F3-10B3082D6AC6-1425345956.jpg', '12', 15, 0, '1', '41CDCC8C-144C-9201-22D8-0D0D132BC17D', 0),
(138, '44046AC4-572B-1B5D-54ED-3C65BA1FAE06-1429394517', '测试药品', 'image/pro_img/44046AC4-572B-1B5D-54ED-3C65BA1FAE06-1429394517.jpg', '20', 25, 0, '1', '41CDCC8C-144C-9201-22D8-0D0D132BC17D', 0),
(139, '86CE0DA4-7B4E-9FA1-E79E-FF18FA2C8CC3-1425345872', '测试4', 'image/pro_img/D43B8EFB-D6DD-A2F2-C0F3-10B3082D6AC6-1425345956.jpg', '12.5', 12.5, 0, '1', 'D1E20F3F-8333-F0C3-C2D4-27FB9AB11C2A', 0),
(140, '15', '测试2', 'image/pro_img/D43B8EFB-D6DD-A2F2-C0F3-10B3082D6AC6-1425345956.jpg', 'DBEC3FB5-F', 5, 0, '3', '733F43FA-F57B-DA96-389B-14712F64706E', 2),
(141, '12', '测测是是', 'image/pro_img/D43B8EFB-D6DD-A2F2-C0F3-10B3082D6AC6-1425345956.jpg', 'D43B8EFB-D', 15, 0, '1', '733F43FA-F57B-DA96-389B-14712F64706E', 1),
(142, 'DBEC3FB5-F942-F440-664A-4B2A16A4C80A1425341635', '测试2', 'image/pro_img/D43B8EFB-D6DD-A2F2-C0F3-10B3082D6AC6-1425345956.jpg', '5', 0, 5, '1', 'DCB24C7F-52C5-CFCE-5AE2-E3B35D1D3A3A', 2),
(143, 'D43B8EFB-D6DD-A2F2-C0F3-10B3082D6AC6-1425345956', '测测是是', 'image/pro_img/D43B8EFB-D6DD-A2F2-C0F3-10B3082D6AC6-1425345956.jpg', '15', 0, 12, '1', 'DCB24C7F-52C5-CFCE-5AE2-E3B35D1D3A3A', 1),
(144, '44046AC4-572B-1B5D-54ED-3C65BA1FAE06-1429394517', '测试药品', 'image/pro_img/44046AC4-572B-1B5D-54ED-3C65BA1FAE06-1429394517.jpg', '25', 0, 20, '1', 'DCB24C7F-52C5-CFCE-5AE2-E3B35D1D3A3A', 1),
(145, 'DBEC3FB5-F942-F440-664A-4B2A16A4C80A1425341635', '测试2', 'image/pro_img/D43B8EFB-D6DD-A2F2-C0F3-10B3082D6AC6-1425345956.jpg', '5', 0, 5, '1', '4E8EF383-AA99-85AA-B37B-EA9E8979C2D9', 2),
(146, 'D43B8EFB-D6DD-A2F2-C0F3-10B3082D6AC6-1425345956', '测测是是', 'image/pro_img/D43B8EFB-D6DD-A2F2-C0F3-10B3082D6AC6-1425345956.jpg', '15', 12, 12, '1', '4E8EF383-AA99-85AA-B37B-EA9E8979C2D9', 1),
(147, 'DBEC3FB5-F942-F440-664A-4B2A16A4C80A1425341635', '测试2', 'image/pro_img/D43B8EFB-D6DD-A2F2-C0F3-10B3082D6AC6-1425345956.jpg', '5', 1, 5, '1', 'F4E592E0-04AF-3C08-0DEB-8C2053788118', 2),
(148, 'D43B8EFB-D6DD-A2F2-C0F3-10B3082D6AC6-1425345956', '测测是是', 'image/pro_img/D43B8EFB-D6DD-A2F2-C0F3-10B3082D6AC6-1425345956.jpg', '15', 12, 12, '1', 'F4E592E0-04AF-3C08-0DEB-8C2053788118', 1),
(149, 'DBEC3FB5-F942-F440-664A-4B2A16A4C80A1425341635', '测试2', 'image/pro_img/D43B8EFB-D6DD-A2F2-C0F3-10B3082D6AC6-1425345956.jpg', '5', 0, 15, '3', 'E83ED23A-65BD-F8A4-3CB8-35F32B78D20C', 2),
(150, 'D43B8EFB-D6DD-A2F2-C0F3-10B3082D6AC6-1425345956', '测测是是', 'image/pro_img/D43B8EFB-D6DD-A2F2-C0F3-10B3082D6AC6-1425345956.jpg', '15', 12, 12, '1', 'E83ED23A-65BD-F8A4-3CB8-35F32B78D20C', 1),
(151, 'DBEC3FB5-F942-F440-664A-4B2A16A4C80A1425341635', '测试2', 'image/pro_img/D43B8EFB-D6DD-A2F2-C0F3-10B3082D6AC6-1425345956.jpg', '5', 3, 15, '3', '77C48F61-9999-5225-5083-8FCEF6C1C00E', 2),
(152, 'D43B8EFB-D6DD-A2F2-C0F3-10B3082D6AC6-1425345956', '测测是是', 'image/pro_img/D43B8EFB-D6DD-A2F2-C0F3-10B3082D6AC6-1425345956.jpg', '15', 12, 12, '1', '77C48F61-9999-5225-5083-8FCEF6C1C00E', 1),
(153, '3E734DDC-59E5-0E9E-1931-29125E13574D-1425341665', '测试3', 'image/pro_img/D43B8EFB-D6DD-A2F2-C0F3-10B3082D6AC6-1425345956.jpg', '10', 10, 30, '3', '2A0D739E-D386-4188-EDA9-AAAD37AA835C', 2),
(154, '44046AC4-572B-1B5D-54ED-3C65BA1FAE06-1429394517', '测试药品', 'image/pro_img/44046AC4-572B-1B5D-54ED-3C65BA1FAE06-1429394517.jpg', '25', 20, 40, '2', '2A0D739E-D386-4188-EDA9-AAAD37AA835C', 1),
(155, 'DBEC3FB5-F942-F440-664A-4B2A16A4C80A1425341635', '测试2', 'image/pro_img/D43B8EFB-D6DD-A2F2-C0F3-10B3082D6AC6-1425345956.jpg', '5', 5, 15, '3 + 1', '692A19E7-8B1B-390C-314F-F15FE5D2B8A6', 2),
(156, 'D43B8EFB-D6DD-A2F2-C0F3-10B3082D6AC6-1425345956', '测测是是', 'image/pro_img/D43B8EFB-D6DD-A2F2-C0F3-10B3082D6AC6-1425345956.jpg', '15', 12, 24, '2', '692A19E7-8B1B-390C-314F-F15FE5D2B8A6', 1),
(157, 'DBEC3FB5-F942-F440-664A-4B2A16A4C80A1425341635', '测试2', 'image/pro_img/D43B8EFB-D6DD-A2F2-C0F3-10B3082D6AC6-1425345956.jpg', '5', 5, 15, '3 + 1', '1D972500-A6FC-97EE-B59E-5D0E1946CE66', 2),
(158, 'D43B8EFB-D6DD-A2F2-C0F3-10B3082D6AC6-1425345956', '测测是是', 'image/pro_img/D43B8EFB-D6DD-A2F2-C0F3-10B3082D6AC6-1425345956.jpg', '15', 12, 24, '2', '1D972500-A6FC-97EE-B59E-5D0E1946CE66', 1),
(159, 'DBEC3FB5-F942-F440-664A-4B2A16A4C80A1425341635', '测试2', 'image/pro_img/D43B8EFB-D6DD-A2F2-C0F3-10B3082D6AC6-1425345956.jpg', '5', 5, 15, '3 + 1', '6F81B4A3-59CD-6F65-5DDB-EBDDA770FAA5', 2),
(160, 'D43B8EFB-D6DD-A2F2-C0F3-10B3082D6AC6-1425345956', '测测是是', 'image/pro_img/D43B8EFB-D6DD-A2F2-C0F3-10B3082D6AC6-1425345956.jpg', '15', 12, 24, '2', '6F81B4A3-59CD-6F65-5DDB-EBDDA770FAA5', 1),
(161, 'DBEC3FB5-F942-F440-664A-4B2A16A4C80A1425341635', '测试2', 'image/pro_img/D43B8EFB-D6DD-A2F2-C0F3-10B3082D6AC6-1425345956.jpg', '5', 5, 105, '21 + 7', '4215A0E3-76A1-14EA-0B12-F07E8A662156', 2),
(162, 'D43B8EFB-D6DD-A2F2-C0F3-10B3082D6AC6-1425345956', '测测是是', 'image/pro_img/D43B8EFB-D6DD-A2F2-C0F3-10B3082D6AC6-1425345956.jpg', '15', 12, 120, '10', '4215A0E3-76A1-14EA-0B12-F07E8A662156', 1),
(163, '933C94C9-7361-0A6E-301C-8FD8DEE8A7A6-1425346440', '重复测试', 'image/pro_img/D43B8EFB-D6DD-A2F2-C0F3-10B3082D6AC6-1425345956.jpg', '20', 16, 16, '1', '4215A0E3-76A1-14EA-0B12-F07E8A662156', 1),
(164, '3E734DDC-59E5-0E9E-1931-29125E13574D-1425341665', '测试3', 'image/pro_img/D43B8EFB-D6DD-A2F2-C0F3-10B3082D6AC6-1425345956.jpg', '10', 0, 20, '2', '4215A0E3-76A1-14EA-0B12-F07E8A662156', 2),
(165, 'DBEC3FB5-F942-F440-664A-4B2A16A4C80A1425341635', '测试2', 'image/pro_img/D43B8EFB-D6DD-A2F2-C0F3-10B3082D6AC6-1425345956.jpg', '5', 5, 15, '3 + 1', 'FAA05DAA-3ACF-E682-C8A6-D609BA6AC85C', 2),
(166, 'D43B8EFB-D6DD-A2F2-C0F3-10B3082D6AC6-1425345956', '测测是是', 'image/pro_img/D43B8EFB-D6DD-A2F2-C0F3-10B3082D6AC6-1425345956.jpg', '15', 12, 12, '1', 'FAA05DAA-3ACF-E682-C8A6-D609BA6AC85C', 1),
(167, '933C94C9-7361-0A6E-301C-8FD8DEE8A7A6-1425346440', '重复测试', 'image/pro_img/D43B8EFB-D6DD-A2F2-C0F3-10B3082D6AC6-1425345956.jpg', '20', 16, 16, '1', 'FAA05DAA-3ACF-E682-C8A6-D609BA6AC85C', 1),
(168, '3E734DDC-59E5-0E9E-1931-29125E13574D-1425341665', '测试3', 'image/pro_img/D43B8EFB-D6DD-A2F2-C0F3-10B3082D6AC6-1425345956.jpg', '10', 0, 30, '3 + 1', 'F6DF7064-C9BC-9F9A-CAB6-CF94D8D19CC4', 2),
(169, '86CE0DA4-7B4E-9FA1-E79E-FF18FA2C8CC3-1425345872', '测试4', 'image/pro_img/D43B8EFB-D6DD-A2F2-C0F3-10B3082D6AC6-1425345956.jpg', '12.5', 0, 37.5, '3 + 1', 'F6DF7064-C9BC-9F9A-CAB6-CF94D8D19CC4', 2),
(170, 'D43B8EFB-D6DD-A2F2-C0F3-10B3082D6AC6-1425345956', '测测是是', 'image/pro_img/D43B8EFB-D6DD-A2F2-C0F3-10B3082D6AC6-1425345956.jpg', '15', 12, 24, '2', 'F6DF7064-C9BC-9F9A-CAB6-CF94D8D19CC4', 1),
(171, '933C94C9-7361-0A6E-301C-8FD8DEE8A7A6-1425346440', '重复测试', 'image/pro_img/D43B8EFB-D6DD-A2F2-C0F3-10B3082D6AC6-1425345956.jpg', '20', 16, 32, '2', 'F6DF7064-C9BC-9F9A-CAB6-CF94D8D19CC4', 1),
(172, 'DBEC3FB5-F942-F440-664A-4B2A16A4C80A1425341635', '测试2', 'image/pro_img/D43B8EFB-D6DD-A2F2-C0F3-10B3082D6AC6-1425345956.jpg', '5', 5, 5, '1', 'BA71B5E4-73BC-E0F5-79C4-F1B30F57838D', 2),
(173, 'DBEC3FB5-F942-F440-664A-4B2A16A4C80A1425341635', '测试2', 'image/pro_img/D43B8EFB-D6DD-A2F2-C0F3-10B3082D6AC6-1425345956.jpg', '5', 0, 5, '1', 'BA71B5E4-73BC-E0F5-79C4-F1B30F57838D', 2),
(174, 'DBEC3FB5-F942-F440-664A-4B2A16A4C80A1425341635', '测试2', 'image/pro_img/D43B8EFB-D6DD-A2F2-C0F3-10B3082D6AC6-1425345956.jpg', '5', 5, 5, '1', 'E665937B-74ED-C437-3FB1-4C14E09BCF72', 2),
(175, '3E734DDC-59E5-0E9E-1931-29125E13574D-1425341665', '测试3', 'image/pro_img/D43B8EFB-D6DD-A2F2-C0F3-10B3082D6AC6-1425345956.jpg', '10', 0, 10, '1', 'E665937B-74ED-C437-3FB1-4C14E09BCF72', 2),
(176, '86CE0DA4-7B4E-9FA1-E79E-FF18FA2C8CC3-1425345872', '测试4', 'image/pro_img/D43B8EFB-D6DD-A2F2-C0F3-10B3082D6AC6-1425345956.jpg', '12.5', 0, 37.5, '3 + 1', 'E665937B-74ED-C437-3FB1-4C14E09BCF72', 2),
(177, 'DBEC3FB5-F942-F440-664A-4B2A16A4C80A1425341635', '测试2', 'image/pro_img/D43B8EFB-D6DD-A2F2-C0F3-10B3082D6AC6-1425345956.jpg', '5', 5, 5, '1', 'B2969FF5-DC64-0FE3-50E2-DC037B0852C9', 2),
(178, '3E734DDC-59E5-0E9E-1931-29125E13574D-1425341665', '测试3', 'image/pro_img/D43B8EFB-D6DD-A2F2-C0F3-10B3082D6AC6-1425345956.jpg', '10', 0, 30, '3 + 1', 'B2969FF5-DC64-0FE3-50E2-DC037B0852C9', 2),
(179, 'D43B8EFB-D6DD-A2F2-C0F3-10B3082D6AC6-1425345956', '测测是是', 'image/pro_img/D43B8EFB-D6DD-A2F2-C0F3-10B3082D6AC6-1425345956.jpg', '15', 12, 24, '2', 'B2969FF5-DC64-0FE3-50E2-DC037B0852C9', 1),
(180, 'DBEC3FB5-F942-F440-664A-4B2A16A4C80A1425341635', '测试2', 'image/pro_img/D43B8EFB-D6DD-A2F2-C0F3-10B3082D6AC6-1425345956.jpg', '5', 5, 5, '1', 'A4493164-B125-E6DE-9216-4DF085638713', 2),
(181, '86CE0DA4-7B4E-9FA1-E79E-FF18FA2C8CC3-1425345872', '测试4', 'image/pro_img/D43B8EFB-D6DD-A2F2-C0F3-10B3082D6AC6-1425345956.jpg', '12.5', 12.5, 12.5, '1', 'A4493164-B125-E6DE-9216-4DF085638713', 2),
(182, 'D43B8EFB-D6DD-A2F2-C0F3-10B3082D6AC6-1425345956', '测测是是', 'image/pro_img/D43B8EFB-D6DD-A2F2-C0F3-10B3082D6AC6-1425345956.jpg', '15', 12, 12, '1', 'A4493164-B125-E6DE-9216-4DF085638713', 1),
(183, 'DBEC3FB5-F942-F440-664A-4B2A16A4C80A1425341635', '测试2', 'image/pro_img/D43B8EFB-D6DD-A2F2-C0F3-10B3082D6AC6-1425345956.jpg', '5', 5, 15, '3 + 1', '4CA2446A-0A17-35B4-8713-A2AD5F40FBFD', 2),
(184, '3E734DDC-59E5-0E9E-1931-29125E13574D-1425341665', '测试3', 'image/pro_img/D43B8EFB-D6DD-A2F2-C0F3-10B3082D6AC6-1425345956.jpg', '10', 10, 30, '3 + 1', '4CA2446A-0A17-35B4-8713-A2AD5F40FBFD', 2),
(185, 'D43B8EFB-D6DD-A2F2-C0F3-10B3082D6AC6-1425345956', '测测是是', 'image/pro_img/D43B8EFB-D6DD-A2F2-C0F3-10B3082D6AC6-1425345956.jpg', '15', 12, 24, '2', '4CA2446A-0A17-35B4-8713-A2AD5F40FBFD', 1),
(186, '3E734DDC-59E5-0E9E-1931-29125E13574D-1425341665', '测试3', 'image/pro_img/D43B8EFB-D6DD-A2F2-C0F3-10B3082D6AC6-1425345956.jpg', '10', 10, 10, '1', 'C8F33ABB-75C4-A75A-3B73-2CF35155C103', 2),
(187, 'DBEC3FB5-F942-F440-664A-4B2A16A4C80A1425341635', '测试2', 'image/pro_img/D43B8EFB-D6DD-A2F2-C0F3-10B3082D6AC6-1425345956.jpg', '5', 5, 5, '1', 'EB5F1333-9487-9638-87A6-8B46D0970CA8', 2),
(188, '933C94C9-7361-0A6E-301C-8FD8DEE8A7A6-1425346440', '重复测试', 'image/pro_img/D43B8EFB-D6DD-A2F2-C0F3-10B3082D6AC6-1425345956.jpg', '20', 16, 16, '1', 'EB5F1333-9487-9638-87A6-8B46D0970CA8', 1),
(189, 'DBEC3FB5-F942-F440-664A-4B2A16A4C80A1425341635', '测试2', 'image/pro_img/D43B8EFB-D6DD-A2F2-C0F3-10B3082D6AC6-1425345956.jpg', '5', 5, 5, '1', 'ACA054E7-16F8-0259-B05F-EF80AC3FA9AA', 2),
(190, '68F0E04E-C256-61A4-E600-EA137AAF797D-1437340224', '批发零售', 'image/pro_img/68F0E04E-C256-61A4-E600-EA137AAF797D-1437340224.jpg', '15', 15, 15, '1', 'ACA054E7-16F8-0259-B05F-EF80AC3FA9AA', 4),
(191, '68F0E04E-C256-61A4-E600-EA137AAF797D-1437340224', '批发零售', 'image/pro_img/68F0E04E-C256-61A4-E600-EA137AAF797D-1437340224.jpg', '15', 15, 15, '1', '432C05DF-EB35-2554-9835-19EF4526977F', 4),
(192, '68F0E04E-C256-61A4-E600-EA137AAF797D-1437340224', '批发零售', 'image/pro_img/68F0E04E-C256-61A4-E600-EA137AAF797D-1437340224.jpg', '15', 15, 15, '1', 'CE2FC014-77FF-14F0-CA2B-B24F458C3F49', 4),
(193, '86CE0DA4-7B4E-9FA1-E79E-FF18FA2C8CC3-1425345872', '测试4', 'image/pro_img/D43B8EFB-D6DD-A2F2-C0F3-10B3082D6AC6-1425345956.jpg', '12.5', 12.5, 37.5, '3 + 1', '2E298DFB-6DA8-C612-75F7-AA59FC44D7FE', 2),
(194, '44046AC4-572B-1B5D-54ED-3C65BA1FAE06-1429394517', '测试药品', 'image/pro_img/44046AC4-572B-1B5D-54ED-3C65BA1FAE06-1429394517.jpg', '25', 20, 20, '1', 'BC16AD7D-B7BB-2448-7896-E2D8372EC73F', 1),
(195, 'D938B0AB-AB4D-954A-226A-DCFB67B74800-1429394550', 'ceshi', 'image/pro_img/D938B0AB-AB4D-954A-226A-DCFB67B74800-1429394550.jpg', '30', 30, 300, '10', '0335486D-645D-6974-3527-B39EA0179B18', 4),
(196, '78267AE2-7FDA-567B-2398-3D336D960F67-1429399131', '测试药品', 'image/pro_img/78267AE2-7FDA-567B-2398-3D336D960F67-1429399131.jpg', '32.5', 32.5, 97.5, '3 + 1', 'CA2ACD36-BB49-470F-071E-4EABEA64227C', 2),
(197, 'D938B0AB-AB4D-954A-226A-DCFB67B74800-1429394550', 'ceshi', 'image/pro_img/D938B0AB-AB4D-954A-226A-DCFB67B74800-1429394550.jpg', '30', 30, 30, '1', 'CA2ACD36-BB49-470F-071E-4EABEA64227C', 4),
(198, '86CE0DA4-7B4E-9FA1-E79E-FF18FA2C8CC3-1425345872', '测试4', 'image/pro_img/D43B8EFB-D6DD-A2F2-C0F3-10B3082D6AC6-1425345956.jpg', '12.5', 12.5, 12.5, '1', 'C8C33D72-D088-E9CD-98F8-901C26ACB619', 2),
(199, 'D43B8EFB-D6DD-A2F2-C0F3-10B3082D6AC6-1425345956', '测测是是', 'image/pro_img/D43B8EFB-D6DD-A2F2-C0F3-10B3082D6AC6-1425345956.jpg', '15', 15, 15, '1', 'CF5112AE-C4D5-B09D-C6E3-45FDB6740B06', 0),
(200, '86CE0DA4-7B4E-9FA1-E79E-FF18FA2C8CC3-1425345872', '测试4', 'image/pro_img/D43B8EFB-D6DD-A2F2-C0F3-10B3082D6AC6-1425345956.jpg', '12.5', 12.5, 37.5, '3 + 1', 'CF5112AE-C4D5-B09D-C6E3-45FDB6740B06', 2),
(201, '44046AC4-572B-1B5D-54ED-3C65BA1FAE06-1429394517', '测试药品', 'image/pro_img/44046AC4-572B-1B5D-54ED-3C65BA1FAE06-1429394517.jpg', '25', 20, 20, '1', 'CF5112AE-C4D5-B09D-C6E3-45FDB6740B06', 1),
(202, 'D938B0AB-AB4D-954A-226A-DCFB67B74800-1429394550', 'ceshi', 'image/pro_img/D938B0AB-AB4D-954A-226A-DCFB67B74800-1429394550.jpg', '30', 30, 30, '1', 'CF5112AE-C4D5-B09D-C6E3-45FDB6740B06', 4);

-- --------------------------------------------------------

--
-- 表的结构 `ord_record`
--

CREATE TABLE IF NOT EXISTS `ord_record` (
  `id` int(20) NOT NULL,
  `ord_uuid` varchar(100) CHARACTER SET utf8 NOT NULL,
  `ord_datetime` timestamp NOT NULL DEFAULT '0000-00-00 00:00:00' ON UPDATE CURRENT_TIMESTAMP,
  `ord_pay_time` timestamp(6) NOT NULL DEFAULT '0000-00-00 00:00:00.000000',
  `ord_shipping_time` timestamp(6) NOT NULL DEFAULT '0000-00-00 00:00:00.000000',
  `ord_finish_time` timestamp(6) NOT NULL DEFAULT '0000-00-00 00:00:00.000000',
  `ord_amount` float NOT NULL,
  `ord_status` varchar(10) CHARACTER SET utf8 NOT NULL,
  `ord_payment` varchar(10) CHARACTER SET utf8 NOT NULL,
  `ord_user` varchar(100) CHARACTER SET utf8 NOT NULL,
  `ord_shipping_fee` float NOT NULL,
  `ord_email` varchar(100) CHARACTER SET utf8 NOT NULL,
  `ord_address` text CHARACTER SET utf8 NOT NULL,
  `ord_weight` float NOT NULL,
  `ord_country` varchar(20) CHARACTER SET utf8 NOT NULL,
  `ord_postcode` varchar(20) CHARACTER SET utf8 NOT NULL
) ENGINE=InnoDB AUTO_INCREMENT=131 DEFAULT CHARSET=utf8 COLLATE=utf8_bin;

--
-- 转存表中的数据 `ord_record`
--

INSERT INTO `ord_record` (`id`, `ord_uuid`, `ord_datetime`, `ord_pay_time`, `ord_shipping_time`, `ord_finish_time`, `ord_amount`, `ord_status`, `ord_payment`, `ord_user`, `ord_shipping_fee`, `ord_email`, `ord_address`, `ord_weight`, `ord_country`, `ord_postcode`) VALUES
(1, '11111', '2015-05-17 17:41:16', '0000-00-00 00:00:00.000000', '0000-00-00 00:00:00.000000', '0000-00-00 00:00:00.000000', 111, '1111', '111', '11', 0, '', '', 0, '', ''),
(2, 'A400EF00-0FFD-1E3B-19D0-284704F9BDD3', '0000-00-00 00:00:00', '0000-00-00 00:00:00.000000', '0000-00-00 00:00:00.000000', '0000-00-00 00:00:00.000000', 9.99, 'new', '', 'wangxi ', 0, '', '', 0, '', ''),
(3, '481DF638-D7BB-B536-8D1D-6D7A558F8065', '2015-08-20 07:33:15', '0000-00-00 00:00:00.000000', '0000-00-00 00:00:00.000000', '0000-00-00 00:00:00.000000', 9.99, 'paid', '', 'wangxi ', 0, '', '', 0, '', ''),
(4, 'FF9C6819-033E-4709-8108-66E806F39762', '0000-00-00 00:00:00', '0000-00-00 00:00:00.000000', '0000-00-00 00:00:00.000000', '0000-00-00 00:00:00.000000', 9.99, 'new', '', 'wangxi ', 0, '', '', 0, '', ''),
(5, 'D36B931D-66EF-3520-45F8-C01C261FC547', '0000-00-00 00:00:00', '0000-00-00 00:00:00.000000', '0000-00-00 00:00:00.000000', '0000-00-00 00:00:00.000000', 9.99, 'new', '', 'wangxi ', 0, '', '', 0, '', ''),
(7, '5FE7BB85-EF29-C11E-BA88-ABEBA2BAD090', '0000-00-00 00:00:00', '0000-00-00 00:00:00.000000', '0000-00-00 00:00:00.000000', '0000-00-00 00:00:00.000000', 9.99, 'new', '', 'wangxi ', 0, '', '', 0, '', ''),
(8, 'BAFB4294-2AFC-D20C-4877-CD033F1A6DBE', '0000-00-00 00:00:00', '0000-00-00 00:00:00.000000', '0000-00-00 00:00:00.000000', '0000-00-00 00:00:00.000000', 9.99, 'new', '', 'wangxi ', 0, '', '', 0, '', ''),
(10, 'F1746446-11C4-4EBA-604C-98A23DF63EA7', '2015-08-20 07:33:15', '0000-00-00 00:00:00.000000', '0000-00-00 00:00:00.000000', '0000-00-00 00:00:00.000000', 9.99, 'shipping', '', 'wangxi ', 0, '', '', 0, '', ''),
(11, '706EE434-BBC6-139E-8187-F3BE3F88DCCB', '0000-00-00 00:00:00', '0000-00-00 00:00:00.000000', '0000-00-00 00:00:00.000000', '0000-00-00 00:00:00.000000', 9.99, 'new', '', 'wangxi ', 0, '', '', 0, '', ''),
(12, 'AA24DE7C-0670-E769-C62D-00E2810C40EF', '0000-00-00 00:00:00', '0000-00-00 00:00:00.000000', '0000-00-00 00:00:00.000000', '0000-00-00 00:00:00.000000', 9.99, 'new', '', 'wang xi ', 0, '', '', 0, '', ''),
(13, '422C0DB0-1055-BBBE-A2B2-71C8BB1BADCA', '2015-05-22 06:18:53', '0000-00-00 00:00:00.000000', '0000-00-00 00:00:00.000000', '0000-00-00 00:00:00.000000', 9.99, 'new', '', 'wang xi ', 0, '', '', 0, '', ''),
(14, '991E173D-F0FB-AF30-290F-5714464E8638', '2015-08-20 07:33:15', '0000-00-00 00:00:00.000000', '0000-00-00 00:00:00.000000', '0000-00-00 00:00:00.000000', 14.99, 'paid', '', 'wang xi ', 0, '', '', 0, '', ''),
(15, 'A9D6400B-BEF3-E7D0-4E5D-1D00923A00DE', '2015-05-24 18:56:49', '0000-00-00 00:00:00.000000', '0000-00-00 00:00:00.000000', '0000-00-00 00:00:00.000000', 14.99, 'new', '', 'wang xi ', 0, '', '', 0, '', ''),
(16, '2A91BFF8-90E7-97F0-23E4-4B07C1125E8E', '2015-05-24 18:58:55', '0000-00-00 00:00:00.000000', '0000-00-00 00:00:00.000000', '0000-00-00 00:00:00.000000', 14.99, 'new', '', 'wang xi ', 0, '', '', 0, '', ''),
(17, '700C20AD-F82A-5A34-5DA9-6C1FE2CB2549', '2015-05-24 19:05:01', '0000-00-00 00:00:00.000000', '0000-00-00 00:00:00.000000', '0000-00-00 00:00:00.000000', 14.99, 'new', '', 'wang xi ', 0, '', '', 0, '', ''),
(18, 'FEADA73D-6425-513B-4A98-0DD0059DDB58', '2015-05-24 19:05:19', '0000-00-00 00:00:00.000000', '0000-00-00 00:00:00.000000', '0000-00-00 00:00:00.000000', 14.99, 'new', '', 'wang xi ', 0, '', '', 0, '', ''),
(20, '28951195-D970-2699-963D-F968811107A2', '2015-05-24 19:06:39', '0000-00-00 00:00:00.000000', '0000-00-00 00:00:00.000000', '0000-00-00 00:00:00.000000', 14.99, 'new', '', 'wang xi ', 0, '', '', 0, '', ''),
(21, '6E0C506E-06EF-28CD-CEF2-23017EF647A1', '2015-05-24 19:07:23', '0000-00-00 00:00:00.000000', '0000-00-00 00:00:00.000000', '0000-00-00 00:00:00.000000', 14.99, 'new', '', 'wang xi ', 0, '', '', 0, '', ''),
(22, 'F92A3A61-36FF-A5B0-32E3-FACB0B740607', '2015-05-24 19:13:35', '0000-00-00 00:00:00.000000', '0000-00-00 00:00:00.000000', '0000-00-00 00:00:00.000000', 14.99, 'new', '', 'wang xi ', 0, '', '', 0, '', ''),
(23, 'A91889EB-3FD1-CEDC-D4BC-72ECD4CC0803', '2015-05-24 19:18:11', '0000-00-00 00:00:00.000000', '0000-00-00 00:00:00.000000', '0000-00-00 00:00:00.000000', 14.99, 'new', '', 'wang xi ', 0, '', '', 0, '', ''),
(24, '0D915DDC-8E16-6B49-107B-C34991168CB2', '2015-05-24 19:20:25', '0000-00-00 00:00:00.000000', '0000-00-00 00:00:00.000000', '0000-00-00 00:00:00.000000', 14.99, 'new', '', 'wang xi ', 0, '', '', 0, '', ''),
(25, 'A22410E6-2984-3A62-6EC6-46C78912C3E1', '2015-05-24 20:36:59', '0000-00-00 00:00:00.000000', '0000-00-00 00:00:00.000000', '0000-00-00 00:00:00.000000', 14.99, 'new', '', 'wang xi ', 0, '', '', 0, '', ''),
(26, '269669B4-EC41-EE01-39B4-9886C8DFEA99', '2015-05-25 04:16:39', '0000-00-00 00:00:00.000000', '0000-00-00 00:00:00.000000', '0000-00-00 00:00:00.000000', 268, 'new', '', 'wang xi ', 0, '', '', 0, '', ''),
(27, 'FBE40A44-E9A4-9EC4-D7B8-51B766A206C5', '2015-05-25 04:22:33', '0000-00-00 00:00:00.000000', '0000-00-00 00:00:00.000000', '0000-00-00 00:00:00.000000', 268, 'new', '', 'wang xi ', 0, '', '', 0, '', ''),
(28, '6662BC91-0FCC-8CE6-D3B0-2B0D0060FE78', '2015-05-25 04:24:32', '0000-00-00 00:00:00.000000', '0000-00-00 00:00:00.000000', '0000-00-00 00:00:00.000000', 268, 'new', '', 'wang xi ', 0, '', '', 0, '', ''),
(29, '3E58EC44-4ADE-C766-19D3-74FD5FB9B49B', '2015-08-20 07:33:15', '0000-00-00 00:00:00.000000', '0000-00-00 00:00:00.000000', '0000-00-00 00:00:00.000000', 283, 'shipping', '', 'wang xi ', 0, 'gowest.wang@gmail.com', '', 0, '', ''),
(30, '470FD9D6-6210-DC9B-55E5-D5710F423189', '2015-05-25 04:27:55', '0000-00-00 00:00:00.000000', '0000-00-00 00:00:00.000000', '0000-00-00 00:00:00.000000', 283, 'new', '', 'wang xi ', 0, 'gowest.wang@gmail.com', '', 0, '', ''),
(31, 'CC3B935E-FAEB-A46C-E953-A7FF4FA75C2D', '2015-05-26 04:59:46', '0000-00-00 00:00:00.000000', '0000-00-00 00:00:00.000000', '0000-00-00 00:00:00.000000', 295, 'new', '', 'wang xi ', 0, 'gowest.wang@gmail.com', '', 0, '', ''),
(32, '3E5896CD-7445-4831-1349-B854E0CF5CE8', '2015-05-26 05:39:59', '0000-00-00 00:00:00.000000', '0000-00-00 00:00:00.000000', '0000-00-00 00:00:00.000000', 295, 'new', '', 'wang xi ', 0, 'gowest.wang@gmail.com', '', 0, '', ''),
(33, '42999F85-66D7-8697-AF03-C3CD6860BAB2', '2015-05-27 05:15:46', '0000-00-00 00:00:00.000000', '0000-00-00 00:00:00.000000', '0000-00-00 00:00:00.000000', 300, 'new', '', 'wang xi ', 0, 'gowest.wang@gmail.com', '', 0, '', ''),
(34, '36089624-FFB8-38ED-BF6B-5B99E7668B1A', '2015-06-02 05:29:12', '0000-00-00 00:00:00.000000', '0000-00-00 00:00:00.000000', '0000-00-00 00:00:00.000000', 359.94, 'new', '', 'wang xi ', 0, 'gowest.wang@gmail.com', '', 0, '', ''),
(35, 'C381ADEB-EA72-745C-3132-4F49C1D0DC2C', '2015-06-11 05:46:22', '0000-00-00 00:00:00.000000', '0000-00-00 00:00:00.000000', '0000-00-00 00:00:00.000000', 9.99, 'new', '', 'wang xi ', 0, 'gowest.wang@gmail.com', '', 0, '', ''),
(36, '208BEC65-5057-6816-EA3F-5206DBD9B66C', '2015-06-14 23:08:59', '0000-00-00 00:00:00.000000', '0000-00-00 00:00:00.000000', '0000-00-00 00:00:00.000000', 39.96, 'new', '', 'wang xi ', 0, 'gowest.wang@gmail.com', '', 0, '', ''),
(37, 'C4ED68EE-EAB2-537C-DB0C-D3A1F285A548', '2015-08-20 07:33:15', '0000-00-00 00:00:00.000000', '0000-00-00 00:00:00.000000', '0000-00-00 00:00:00.000000', 50, 'paid', '', 'wang xi ', 0, 'gowest.wang@gmail.com', '', 0, '', ''),
(38, '628D3A0E-9844-F384-A532-024C2BBDA777', '2015-06-23 05:48:21', '0000-00-00 00:00:00.000000', '0000-00-00 00:00:00.000000', '0000-00-00 00:00:00.000000', 92, 'new', '', 'wang xi ', 0, 'gowest.wang@gmail.com', '', 0, '', ''),
(39, '689792C1-3990-0569-833E-4BC50A8A0495', '2015-06-23 05:51:44', '0000-00-00 00:00:00.000000', '0000-00-00 00:00:00.000000', '0000-00-00 00:00:00.000000', 92, 'new', '', 'wang xi ', 0, 'gowest.wang@gmail.com', '', 0, '', ''),
(40, '68F4605A-92B8-6A37-455C-237388B5E514', '2015-06-23 06:05:16', '0000-00-00 00:00:00.000000', '0000-00-00 00:00:00.000000', '0000-00-00 00:00:00.000000', 10, 'new', '', 'wang xi ', 0, 'gowest.wang@gmail.com', '', 0, '', ''),
(41, '9B1B5789-F415-A835-426F-59D8BB080930', '2015-06-23 06:05:31', '0000-00-00 00:00:00.000000', '0000-00-00 00:00:00.000000', '0000-00-00 00:00:00.000000', 10, 'new', '', 'wang xi ', 0, 'gowest.wang@gmail.com', '', 0, '', ''),
(42, 'D8D8F09C-A8EB-B88F-C8D7-B9F084F828E1', '2015-08-20 07:33:15', '0000-00-00 00:00:00.000000', '0000-00-00 00:00:00.000000', '0000-00-00 00:00:00.000000', 10, 'shipping', '', 'wang xi ', 0, 'gowest.wang@gmail.com', '', 0, '', ''),
(43, '9102A039-7EB0-8F3F-0CA0-2A587FD0E486', '2015-06-24 04:44:37', '0000-00-00 00:00:00.000000', '0000-00-00 00:00:00.000000', '0000-00-00 00:00:00.000000', 26, 'new', '', 'wang xi ', 0, 'gowest.wang@gmail.com', '', 0, '', ''),
(44, 'C5551D1B-45F4-7399-E793-CB9264123745', '2015-06-24 06:29:00', '0000-00-00 00:00:00.000000', '0000-00-00 00:00:00.000000', '0000-00-00 00:00:00.000000', 17, 'new', '', 'wang xi ', 0, 'gowest.wang@gmail.com', '', 0, '', ''),
(45, 'EADB0C01-2088-7D9F-6207-3C1F56EEDEF4', '2015-06-24 06:30:25', '0000-00-00 00:00:00.000000', '0000-00-00 00:00:00.000000', '0000-00-00 00:00:00.000000', 15, 'new', '', 'wang xi ', 0, 'gowest.wang@gmail.com', '', 0, '', ''),
(46, '3D98896F-742B-379F-7289-95B7E61401EB', '2015-06-24 06:31:04', '0000-00-00 00:00:00.000000', '0000-00-00 00:00:00.000000', '0000-00-00 00:00:00.000000', 15, 'new', '', 'wang xi ', 0, 'gowest.wang@gmail.com', '', 0, '', ''),
(47, '446C0674-AC61-5AD6-058E-61E0AA8850DC', '2015-06-24 06:34:06', '0000-00-00 00:00:00.000000', '0000-00-00 00:00:00.000000', '0000-00-00 00:00:00.000000', 15, 'new', '', 'wang xi ', 0, 'gowest.wang@gmail.com', '', 0, '', ''),
(48, '5ABB6E64-C338-46CD-CE0C-8876A5269CF1', '2015-06-24 06:34:36', '0000-00-00 00:00:00.000000', '0000-00-00 00:00:00.000000', '0000-00-00 00:00:00.000000', 30, 'new', '', 'wang xi ', 0, 'gowest.wang@gmail.com', '', 0, '', ''),
(49, '10A0FB2F-D807-F841-C97B-70ACBAA22A3B', '2015-06-24 06:40:19', '0000-00-00 00:00:00.000000', '0000-00-00 00:00:00.000000', '0000-00-00 00:00:00.000000', 5, 'new', '', 'wang xi ', 0, 'gowest.wang@gmail.com', '', 0, '', ''),
(50, '6EAC7187-C348-4505-5C12-CD7DC855F0D4', '2015-06-24 06:42:50', '0000-00-00 00:00:00.000000', '0000-00-00 00:00:00.000000', '0000-00-00 00:00:00.000000', 27.5, 'new', '', 'wang xi ', 0, 'gowest.wang@gmail.com', '', 0, '', ''),
(51, '64D4A1E1-EE3F-0827-32AC-FE445DFF1C79', '2015-08-20 07:33:15', '0000-00-00 00:00:00.000000', '0000-00-00 00:00:00.000000', '0000-00-00 00:00:00.000000', 48, 'shipping', '', 'wang xi ', 0, 'gowest.wang@gmail.com', '', 0, '', ''),
(52, 'BD8B74A4-4687-C55D-1EA5-A43F251CFA53', '2015-06-28 22:41:09', '0000-00-00 00:00:00.000000', '0000-00-00 00:00:00.000000', '0000-00-00 00:00:00.000000', 5, 'new', '', 'wang xi ', 0, 'mercury_date@hotmail.com', '', 0, '', ''),
(53, '35C1275F-2369-843C-DDFD-6072F9A8674D', '2015-08-20 07:33:15', '0000-00-00 00:00:00.000000', '0000-00-00 00:00:00.000000', '0000-00-00 00:00:00.000000', 33.6, 'close', '', 'wang xi ', 0, 'mercury_date@hotmail.com', '', 0, '', ''),
(54, 'D19382C3-6FA4-F49B-0C1F-062F00B345FD', '2015-07-01 09:03:00', '0000-00-00 00:00:00.000000', '0000-00-00 00:00:00.000000', '0000-00-00 00:00:00.000000', 77.8, 'new', '', 'wang xi ', 0, 'mercury_date@hotmail.com', '', 0, '', ''),
(55, '1CF49BB8-AF7E-4B4B-9EAC-26AD8E471C15', '2015-08-20 07:33:15', '0000-00-00 00:00:00.000000', '0000-00-00 00:00:00.000000', '0000-00-00 00:00:00.000000', 85.7, 'paid', '', 'wang xi ', 0, 'mercury_date@hotmail.com', '', 0, '', ''),
(56, 'B975F363-9FBB-50C2-2E0B-458F30CE3896', '2015-07-04 16:45:23', '0000-00-00 00:00:00.000000', '0000-00-00 00:00:00.000000', '0000-00-00 00:00:00.000000', 5.6, 'new', '', 'wang xi ', 0, 'mercury_date@hotmail.com', '', 0, '', ''),
(57, 'FBD20BF9-C612-F97E-2759-870B3BCDCB47', '2015-07-04 18:26:48', '0000-00-00 00:00:00.000000', '0000-00-00 00:00:00.000000', '0000-00-00 00:00:00.000000', 16.8, 'new', '', 'wang xi ', 0, 'mercury_date@hotmail.com', '', 0, '', ''),
(58, 'A74D8C6D-97E0-2FD8-D81B-F4BEF68E3E3D', '2015-07-04 18:48:36', '0000-00-00 00:00:00.000000', '0000-00-00 00:00:00.000000', '0000-00-00 00:00:00.000000', 44.8, 'new', '', 'wang xi ', 0, 'mercury_date@hotmail.com', '', 0, '', ''),
(59, 'AE469EDB-967C-C974-C3FE-C819851A6B73', '2015-07-05 06:16:51', '0000-00-00 00:00:00.000000', '0000-00-00 00:00:00.000000', '0000-00-00 00:00:00.000000', 51.2, 'new', '', 'wang xi ', 0, 'gowest.wang@gmail.com', '', 0, '', ''),
(60, '24B7CA3F-9C2F-ED6F-0259-A96F37D910BD', '2015-07-05 06:39:40', '0000-00-00 00:00:00.000000', '0000-00-00 00:00:00.000000', '0000-00-00 00:00:00.000000', 69.2, 'new', '', 'wang xi ', 0, 'gowest.wang@gmail.com', '', 0, '', ''),
(61, 'C1B93A71-EE09-3C76-1E91-5F6AADF35D6F', '2015-07-10 07:51:06', '0000-00-00 00:00:00.000000', '0000-00-00 00:00:00.000000', '0000-00-00 00:00:00.000000', 0, 'new', '', 'wang xi ', 0, 'gowest.wang@gmail.com', '', 0, '', ''),
(62, 'A2905BA9-53E5-6260-8547-84D554C05AA4', '2015-07-12 17:40:17', '0000-00-00 00:00:00.000000', '0000-00-00 00:00:00.000000', '0000-00-00 00:00:00.000000', 54.2, 'new', '', 'wang xi ', 0, 'gowest.wang@gmail.com', '', 0, '', ''),
(63, 'D0DBDCE5-9FCB-270E-25FF-9E979BFD35A9', '2015-07-12 17:41:07', '0000-00-00 00:00:00.000000', '0000-00-00 00:00:00.000000', '0000-00-00 00:00:00.000000', 0, 'new', '', 'wang xi ', 0, 'gowest.wang@gmail.com', '', 0, '', ''),
(65, '0C4FB7EA-54F8-8D7F-1E54-65DD3F837313', '2015-07-12 20:40:57', '0000-00-00 00:00:00.000000', '0000-00-00 00:00:00.000000', '0000-00-00 00:00:00.000000', 54.2, 'new', '', 'wang xi ', 0, 'gowest.wang@gmail.com', '', 0, '', ''),
(66, 'CE5403F8-0CCE-54AB-607E-F940D767DDBD', '2015-07-12 20:53:46', '0000-00-00 00:00:00.000000', '0000-00-00 00:00:00.000000', '0000-00-00 00:00:00.000000', 54.2, 'new', '', 'wang xi ', 0, 'gowest.wang@gmail.com', '', 0, '', ''),
(67, '26D41D96-BED9-12D1-1F21-582348D86295', '2015-07-13 00:16:13', '0000-00-00 00:00:00.000000', '0000-00-00 00:00:00.000000', '0000-00-00 00:00:00.000000', 0, 'new', '', 'wang xi ', 0, 'gowest.wang@gmail.com', '', 0, '', ''),
(68, '7972DA2E-F260-72AD-42AA-F180BD87BE24', '2015-08-20 07:33:15', '0000-00-00 00:00:00.000000', '0000-00-00 00:00:00.000000', '0000-00-00 00:00:00.000000', 52.6, 'shipping', '', 'wang xi ', 0, 'mercury_date@hotmail.com', '', 0, '', ''),
(69, '72BA0CDD-C0FF-43ED-0C34-63249E474070', '2015-07-13 00:39:52', '0000-00-00 00:00:00.000000', '0000-00-00 00:00:00.000000', '0000-00-00 00:00:00.000000', 52.6, 'new', '', 'wang xi ', 0, 'mercury_date@hotmail.com', '', 0, '', ''),
(70, '079106A5-D74A-FFE6-DF6E-636B79D838E8', '2015-07-13 00:40:46', '0000-00-00 00:00:00.000000', '0000-00-00 00:00:00.000000', '0000-00-00 00:00:00.000000', 52.6, 'new', '', 'wang xi ', 0, 'mercury_date@hotmail.com', '', 0, '', ''),
(71, '5FA9CCB9-E75B-C686-0D42-FA7D1EE3689D', '2015-07-13 00:45:35', '0000-00-00 00:00:00.000000', '0000-00-00 00:00:00.000000', '0000-00-00 00:00:00.000000', 52.6, 'new', '', 'wang xi ', 0, 'mercury_date@hotmail.com', 'Canada', 0, '', 'V5H4A3'),
(72, 'D2A0274B-EF2B-6280-BF07-E7FB546C1DB1', '2015-08-20 07:33:15', '0000-00-00 00:00:00.000000', '0000-00-00 00:00:00.000000', '0000-00-00 00:00:00.000000', 39.2, 'shipping', '', 'wang xi ', 0, 'mercury_date@hotmail.com', 'Canada', 0, '', 'V5H4A3'),
(73, 'D0C4514F-A871-DCAB-5F73-CB1CC515315E', '2015-07-13 00:55:04', '0000-00-00 00:00:00.000000', '0000-00-00 00:00:00.000000', '0000-00-00 00:00:00.000000', 35.8, 'new', '', 'wang xi ', 0, 'mercury_date@hotmail.com', 'Canada', 0, '', 'V5H4A3'),
(74, 'C8F9B79E-797F-DBBB-675E-8B0888438173', '2015-07-13 00:56:19', '0000-00-00 00:00:00.000000', '0000-00-00 00:00:00.000000', '0000-00-00 00:00:00.000000', 35.8, 'new', '', 'wang xi ', 0, 'mercury_date@hotmail.com', 'Canada', 0, '', 'V5H4A3'),
(75, '2BE21C79-0FD2-ED34-ABCF-B0D573AD55A6', '2015-07-13 01:07:22', '0000-00-00 00:00:00.000000', '0000-00-00 00:00:00.000000', '0000-00-00 00:00:00.000000', 35.8, 'new', '', 'wang xi ', 0, 'mercury_date@hotmail.com', 'Canada', 0, '', 'V5H4A3'),
(76, '002F06C7-4ABE-79C5-FD0E-DCFD5E3BDA5B', '2015-07-13 01:08:37', '0000-00-00 00:00:00.000000', '0000-00-00 00:00:00.000000', '0000-00-00 00:00:00.000000', 28, 'new', '', 'wang xi ', 0, 'mercury_date@hotmail.com', '1110', 0, '', 'V5H4A3'),
(77, 'EB3F2AA9-3ECC-157D-F610-BA6F79F140B7', '2015-07-13 01:10:58', '0000-00-00 00:00:00.000000', '0000-00-00 00:00:00.000000', '0000-00-00 00:00:00.000000', 49.3, 'new', '', 'wang xi ', 0, 'mercury_date@hotmail.com', 'Canada', 0, '', 'V5H4A3'),
(78, '854AF210-31BE-348E-ADFB-56BBA4441F8E', '2015-07-13 01:11:57', '0000-00-00 00:00:00.000000', '0000-00-00 00:00:00.000000', '0000-00-00 00:00:00.000000', 35.8, 'new', '', 'wang xi ', 0, 'mercury_date@hotmail.com', 'BC', 0, '', 'V5H4A3'),
(79, '2D18AB84-9B77-5E25-3CD3-73D7F7FDE1C1', '2015-07-13 01:50:20', '0000-00-00 00:00:00.000000', '0000-00-00 00:00:00.000000', '0000-00-00 00:00:00.000000', 35.8, 'new', '', 'wang xi ', 0, 'mercury_date@hotmail.com', 'ASDFDSFASFASDFASDFSDAFSDAFASFASFSADFSADFADSFSADFSDFDSAFDASFSAFS', 0, '', 'V5H4A3'),
(80, 'E4A1814F-0D31-B59C-AA2E-945A0202E50F', '2015-07-13 01:53:53', '0000-00-00 00:00:00.000000', '0000-00-00 00:00:00.000000', '0000-00-00 00:00:00.000000', 35.8, 'new', '', 'wang xi ', 0, 'mercury_date@hotmail.com', 'Canada', 0, '', 'V5H4A3'),
(81, 'F99C2912-835B-2A79-E10B-A3A772E63B0B', '2015-08-20 07:33:15', '0000-00-00 00:00:00.000000', '0000-00-00 00:00:00.000000', '0000-00-00 00:00:00.000000', 35.8, 'paid', '', 'wang xi ', 0, 'mercury_date@hotmail.com', 'Canada', 0, '', 'V5H4A3'),
(82, '39F64809-1195-BAB8-7A0A-DAC935B06193', '2015-07-13 01:59:28', '0000-00-00 00:00:00.000000', '0000-00-00 00:00:00.000000', '0000-00-00 00:00:00.000000', 35.8, 'new', '', 'wang xi ', 0, 'mercury_date@hotmail.com', 'Canada', 0, '', 'V5H4A3'),
(83, 'BA44BEAE-6933-1CAE-2612-47D04BE3E630', '2015-07-13 02:00:22', '0000-00-00 00:00:00.000000', '0000-00-00 00:00:00.000000', '0000-00-00 00:00:00.000000', 35.8, 'new', '', 'wang xi ', 0, 'mercury_date@hotmail.com', 'CanadaBC1110-4104', 0, '', 'V5H4A3'),
(84, '6F987D38-ECC5-1DAD-45C5-BECC0EF9FC3D', '2015-07-13 02:01:29', '0000-00-00 00:00:00.000000', '0000-00-00 00:00:00.000000', '0000-00-00 00:00:00.000000', 35.8, 'new', '', 'wang xi ', 0, 'mercury_date@hotmail.com', 'CanadaBC1110-4104', 0, '', 'V5H4A3'),
(85, '02D96357-DE48-34F2-BC37-9A6DA99F35B6', '2015-07-13 02:01:53', '0000-00-00 00:00:00.000000', '0000-00-00 00:00:00.000000', '0000-00-00 00:00:00.000000', 35.8, 'new', '', 'wang xi ', 0, 'mercury_date@hotmail.com', 'CanadaBC1110-4104', 0, '', 'V5H4A3'),
(89, 'CAFFFE85-55DD-E314-DC8A-3339C089B14F', '2015-07-13 04:51:21', '0000-00-00 00:00:00.000000', '0000-00-00 00:00:00.000000', '0000-00-00 00:00:00.000000', 44.8, 'new', '', 'wang xi ', 0, 'mercury_date@hotmail.com', 'CanadaBC1110-4104+maywood+street', 0, '', 'V5H4A3'),
(90, '18A768B3-CA6C-1AAB-A2F0-0A230E321AEF', '2015-08-20 07:33:15', '0000-00-00 00:00:00.000000', '0000-00-00 00:00:00.000000', '0000-00-00 00:00:00.000000', 35.8, 'shipping', '', 'wang xi ', 0, 'mercury_date@hotmail.com', 'CanadaBC1110-4104', 0, '', 'V5H4A3'),
(91, '5404CC79-C590-BA21-C780-C5DDE0EFB220', '2015-07-13 05:06:56', '0000-00-00 00:00:00.000000', '0000-00-00 00:00:00.000000', '0000-00-00 00:00:00.000000', 63.8, 'new', '', 'wang xi ', 0, 'mercury_date@hotmail.com', 'CanadaBC1110-4104', 0, '', 'V5H4A3'),
(92, '16180058-A6A7-1BE6-AEAC-5563885853F4', '2015-07-13 05:18:59', '0000-00-00 00:00:00.000000', '0000-00-00 00:00:00.000000', '0000-00-00 00:00:00.000000', 44.8, 'new', '', 'wang xi ', 0, 'mercury_date@hotmail.com', 'CanadaBC1110-4104', 0, '', 'V5H4A3'),
(93, '66766940-D157-62B2-7AAF-1353E0ED65EB', '2015-07-13 05:19:38', '0000-00-00 00:00:00.000000', '0000-00-00 00:00:00.000000', '0000-00-00 00:00:00.000000', 35.8, 'new', '', 'wang xi ', 0, 'mercury_date@hotmail.com', 'CanadaBC1110-4104', 0, '', 'V5H4A3'),
(94, '3FB702DD-0EE7-6E49-2032-71B3D24342E1', '2015-07-13 05:21:06', '0000-00-00 00:00:00.000000', '0000-00-00 00:00:00.000000', '0000-00-00 00:00:00.000000', 39.2, 'new', '', 'wang xi ', 0, 'mercury_date@hotmail.com', 'CanadaBC1110-4104+maywood+street', 0, '', 'V5H4A3'),
(95, 'D670AC83-2BBA-A2A2-F927-646ABDA84A21', '2015-07-13 05:24:12', '0000-00-00 00:00:00.000000', '0000-00-00 00:00:00.000000', '0000-00-00 00:00:00.000000', 47, 'new', '', 'wang xi ', 0, 'mercury_date@hotmail.com', 'CanadaBC1110-4104 maywood street', 0, '', 'V5H4A3'),
(96, 'E4EDA970-F30E-59D8-3B8B-6FE74EA2F7FC', '2015-08-20 07:33:15', '0000-00-00 00:00:00.000000', '0000-00-00 00:00:00.000000', '0000-00-00 00:00:00.000000', 39.2, 'shipping', '', 'wang xi ', 0, 'mercury_date@hotmail.com', 'Canada BC 1110-4104 maywood street', 0, '', 'V5H4A3'),
(97, 'B48EE74D-D486-2DDE-B83B-D23D683552AC', '2015-07-13 05:30:22', '0000-00-00 00:00:00.000000', '0000-00-00 00:00:00.000000', '0000-00-00 00:00:00.000000', 41.4, 'new', '', 'wang xi ', 0, 'mercury_date@hotmail.com', 'Canada BC 1110-4104 maywood street', 0, '', 'V5H4A3'),
(98, 'B1C9D971-0945-4EE5-07C2-59502EE9C51F', '2015-07-13 05:53:59', '0000-00-00 00:00:00.000000', '0000-00-00 00:00:00.000000', '0000-00-00 00:00:00.000000', 35.8, 'new', '', 'wang xi ', 0, 'mercury_date@hotmail.com', 'Canada BC 1110-4104 maywood street', 0, '', 'V5H4A3'),
(99, '41CDCC8C-144C-9201-22D8-0D0D132BC17D', '2015-07-13 06:41:32', '0000-00-00 00:00:00.000000', '0000-00-00 00:00:00.000000', '0000-00-00 00:00:00.000000', 137.8, 'new', '', 'wang xi ', 0, 'mercury_date@hotmail.com', 'Canada BC 1110-4104 maywood street', 0, '', 'V5H4A3'),
(100, 'D1E20F3F-8333-F0C3-C2D4-27FB9AB11C2A', '2015-07-15 06:21:27', '0000-00-00 00:00:00.000000', '0000-00-00 00:00:00.000000', '0000-00-00 00:00:00.000000', 35.8, 'new', '', 'wang xi ', 0, 'mercury_date@hotmail.com', 'Canada BC 1110-4104 maywood street', 0, '', 'V5H4A3'),
(101, '1CB4A2A8-7A6D-3CCB-7933-54FF23D33D57', '2015-08-20 07:33:15', '0000-00-00 00:00:00.000000', '0000-00-00 00:00:00.000000', '0000-00-00 00:00:00.000000', 52.6, 'paid', '', 'wang xi ', 0, 'mercury_date@hotmail.com', 'Canada BC 1110-4104 maywood street', 0, '', 'V5H4A3'),
(102, '733F43FA-F57B-DA96-389B-14712F64706E', '2015-07-15 06:45:03', '0000-00-00 00:00:00.000000', '0000-00-00 00:00:00.000000', '0000-00-00 00:00:00.000000', 52.6, 'new', '', 'wang xi ', 0, 'mercury_date@hotmail.com', 'Canada BC 1110-4104 maywood street', 0, '', 'V5H4A3'),
(103, 'DCB24C7F-52C5-CFCE-5AE2-E3B35D1D3A3A', '2015-07-15 06:51:50', '0000-00-00 00:00:00.000000', '0000-00-00 00:00:00.000000', '0000-00-00 00:00:00.000000', 63.8, 'new', '', 'wang xi ', 0, 'mercury_date@hotmail.com', 'Canada BC 1110-4104 maywood street', 0, '', 'V5H4A3'),
(104, '4E8EF383-AA99-85AA-B37B-EA9E8979C2D9', '2015-07-15 06:54:01', '0000-00-00 00:00:00.000000', '0000-00-00 00:00:00.000000', '0000-00-00 00:00:00.000000', 41.4, 'new', '', 'wang xi ', 0, 'mercury_date@hotmail.com', 'Canada BC 1110-4104 maywood street', 0, '', 'V5H4A3'),
(105, 'F4E592E0-04AF-3C08-0DEB-8C2053788118', '2015-07-15 06:55:22', '0000-00-00 00:00:00.000000', '0000-00-00 00:00:00.000000', '0000-00-00 00:00:00.000000', 41.4, 'new', '', 'wang xi ', 0, 'mercury_date@hotmail.com', 'Canada BC 1110-4104 maywood street', 0, '', 'V5H4A3'),
(106, 'E83ED23A-65BD-F8A4-3CB8-35F32B78D20C', '2015-07-15 07:03:14', '0000-00-00 00:00:00.000000', '0000-00-00 00:00:00.000000', '0000-00-00 00:00:00.000000', 52.6, 'new', '', 'wang xi ', 0, 'mercury_date@hotmail.com', 'Canada BC 1110-4104 maywood street', 0, '', 'V5H4A3'),
(107, '77C48F61-9999-5225-5083-8FCEF6C1C00E', '2015-07-15 07:06:20', '0000-00-00 00:00:00.000000', '0000-00-00 00:00:00.000000', '0000-00-00 00:00:00.000000', 52.6, 'new', '', 'wang xi ', 0, 'mercury_date@hotmail.com', 'Canada BC 1110-4104 maywood street', 0, '', 'V5H4A3'),
(108, '2A0D739E-D386-4188-EDA9-AAAD37AA835C', '2015-07-15 07:08:44', '0000-00-00 00:00:00.000000', '0000-00-00 00:00:00.000000', '0000-00-00 00:00:00.000000', 107.5, 'new', '', 'wang xi ', 0, 'mercury_date@hotmail.com', 'Canada BC 1110-4104 maywood street', 0, '', 'V5H4A3'),
(109, '692A19E7-8B1B-390C-314F-F15FE5D2B8A6', '2015-08-20 07:33:15', '0000-00-00 00:00:00.000000', '0000-00-00 00:00:00.000000', '0000-00-00 00:00:00.000000', 68.3, 'close', '', 'wang xi ', 0, 'mercury_date@hotmail.com', 'Canada BC 1110-4104 maywood street', 0, '', 'V5H4A3'),
(110, '1D972500-A6FC-97EE-B59E-5D0E1946CE66', '2015-07-15 07:17:00', '0000-00-00 00:00:00.000000', '0000-00-00 00:00:00.000000', '0000-00-00 00:00:00.000000', 68.3, 'new', '', 'wang xi ', 0, 'mercury_date@hotmail.com', 'Canada BC 1110-4104 maywood street', 0, '', 'V5H4A3'),
(111, '6F81B4A3-59CD-6F65-5DDB-EBDDA770FAA5', '2015-07-15 07:23:49', '0000-00-00 00:00:00.000000', '0000-00-00 00:00:00.000000', '0000-00-00 00:00:00.000000', 68.3, 'new', '', 'wang xi ', 22, 'mercury_date@hotmail.com', 'Canada BC 1110-4104 maywood street', 0, '', 'V5H4A3'),
(112, '4215A0E3-76A1-14EA-0B12-F07E8A662156', '2015-07-15 07:26:18', '0000-00-00 00:00:00.000000', '0000-00-00 00:00:00.000000', '0000-00-00 00:00:00.000000', 392, 'new', '', 'wang xi ', 89.5, 'mercury_date@hotmail.com', 'Canada BC 1110-4104 maywood street', 0, '', 'V5H4A3'),
(113, 'FAA05DAA-3ACF-E682-C8A6-D609BA6AC85C', '2015-08-20 07:33:15', '0000-00-00 00:00:00.000000', '0000-00-00 00:00:00.000000', '0000-00-00 00:00:00.000000', 72.8, 'close', '', 'wang xi ', 22.5, 'mercury_date@hotmail.com', 'Canada BC 1110-4104 maywood street', 0, '', 'V5H4A3'),
(114, 'F6DF7064-C9BC-9F9A-CAB6-CF94D8D19CC4', '2015-07-15 07:30:46', '0000-00-00 00:00:00.000000', '0000-00-00 00:00:00.000000', '0000-00-00 00:00:00.000000', 183.7, 'new', '', 'wang xi ', 41, 'mercury_date@hotmail.com', 'Canada BC 1110-4104 maywood street', 0, '', 'V5H4A3'),
(115, 'BA71B5E4-73BC-E0F5-79C4-F1B30F57838D', '2015-07-15 07:35:19', '0000-00-00 00:00:00.000000', '0000-00-00 00:00:00.000000', '0000-00-00 00:00:00.000000', 33.6, 'new', '', 'wang xi ', 20, 'mercury_date@hotmail.com', 'Canada BC 1110-4104 maywood street', 0, '', 'V5H4A3'),
(116, 'E665937B-74ED-C437-3FB1-4C14E09BCF72', '2015-07-15 07:37:14', '0000-00-00 00:00:00.000000', '0000-00-00 00:00:00.000000', '0000-00-00 00:00:00.000000', 84, 'new', '', 'wang xi ', 23.5, 'mercury_date@hotmail.com', 'Canada BC 1110-4104 maywood street', 0, '', 'V5H4A3'),
(117, 'B2969FF5-DC64-0FE3-50E2-DC037B0852C9', '2015-07-15 07:39:33', '0000-00-00 00:00:00.000000', '0000-00-00 00:00:00.000000', '0000-00-00 00:00:00.000000', 94.1, 'new', '', 'wang xi ', 25.5, 'mercury_date@hotmail.com', 'Canada BC 1110-4104 maywood street', 0, '', 'V5H4A3'),
(118, 'A4493164-B125-E6DE-9216-4DF085638713', '2015-07-15 07:46:01', '0000-00-00 00:00:00.000000', '0000-00-00 00:00:00.000000', '0000-00-00 00:00:00.000000', 54.9, 'new', '', 'wang xi ', 20, 'mercury_date@hotmail.com', 'Canada BC 1110-4104 maywood street', 0, '', 'V5H4A3'),
(119, '4CA2446A-0A17-35B4-8713-A2AD5F40FBFD', '2015-08-20 07:33:15', '0000-00-00 00:00:00.000000', '0000-00-00 00:00:00.000000', '0000-00-00 00:00:00.000000', 110.9, 'paid', '', 'wang xi ', 30, 'mercury_date@hotmail.com', 'Canada BC 1110-4104 maywood street', 0, '', 'V5H4A3'),
(120, 'C8F33ABB-75C4-A75A-3B73-2CF35155C103', '2015-07-17 06:57:25', '0000-00-00 00:00:00.000000', '0000-00-00 00:00:00.000000', '0000-00-00 00:00:00.000000', 33.6, 'new', '', 'wang xi ', 20, 'mercury_date@hotmail.com', 'Canada BC 1110-4104 maywood street', 0, '', 'V5H4A3'),
(121, 'EB5F1333-9487-9638-87A6-8B46D0970CA8', '2015-07-17 07:08:03', '0000-00-00 00:00:00.000000', '0000-00-00 00:00:00.000000', '0000-00-00 00:00:00.000000', 45.9, 'new', '', 'wang xi ', 20, 'mercury_date@hotmail.com', 'Canada BC 1110-4104 maywood street', 0, '', 'V5H4A3'),
(122, 'ACA054E7-16F8-0259-B05F-EF80AC3FA9AA', '2015-07-20 01:15:28', '0000-00-00 00:00:00.000000', '0000-00-00 00:00:00.000000', '0000-00-00 00:00:00.000000', 44.8, 'new', '', 'wang xi ', 20, 'mercury_date@hotmail.com', 'Canada BC 1110-4104 maywood street', 0, '', 'V5H4A3'),
(123, '432C05DF-EB35-2554-9835-19EF4526977F', '2015-08-20 07:33:15', '0000-00-00 00:00:00.000000', '0000-00-00 00:00:00.000000', '0000-00-00 00:00:00.000000', 16.8, 'paid', '', 'wang xi ', 0, 'mercury_date@hotmail.com', 'Canada BC 1110-4104 maywood street', 0, '', 'V5H4A3'),
(124, 'CE2FC014-77FF-14F0-CA2B-B24F458C3F49', '2015-08-20 06:48:22', '0000-00-00 00:00:00.000000', '0000-00-00 00:00:00.000000', '0000-00-00 00:00:00.000000', 15, 'new', '', 'wang xi ', 0, 'gowest.wang@gmail.com', 'China beijing 北京市三里河路9号乙1楼2204', 0, '', '100037'),
(125, '2E298DFB-6DA8-C612-75F7-AA59FC44D7FE', '2015-08-20 06:50:42', '0000-00-00 00:00:00.000000', '0000-00-00 00:00:00.000000', '0000-00-00 00:00:00.000000', 76.2, 'new', '', 'wang xi ', 35, 'gowest.wang@gmail.com', 'China beijing 北京市三里河路9号乙1楼2204', 0, '', '100037'),
(126, 'BC16AD7D-B7BB-2448-7896-E2D8372EC73F', '2015-08-21 07:13:07', '0000-00-00 00:00:00.000000', '0000-00-00 00:00:00.000000', '0000-00-00 00:00:00.000000', 59.2, 'new', '', 'wang xi ', 35, 'gowest.wang@gmail.com', 'China beijing 北京市三里河路9号乙1楼2204', 0, '', '100037'),
(127, '0335486D-645D-6974-3527-B39EA0179B18', '2015-08-21 07:44:27', '0000-00-00 00:00:00.000000', '0000-00-00 00:00:00.000000', '0000-00-00 00:00:00.000000', 300, 'new', '', 'wang xi ', 0, 'gowest.wang@gmail.com', 'China beijing 北京市三里河路9号乙1楼2204', 0, '', '100037'),
(128, 'CA2ACD36-BB49-470F-071E-4EABEA64227C', '2015-08-23 05:49:04', '0000-00-00 00:00:00.000000', '0000-00-00 00:00:00.000000', '0000-00-00 00:00:00.000000', 166.2, 'new', '', 'wang xi ', 35, 'gowest.wang@gmail.com', 'China beijing 北京市三里河路9号乙1楼2204', 0, '', '100037'),
(129, 'C8C33D72-D088-E9CD-98F8-901C26ACB619', '2015-08-23 05:48:07', '0000-00-00 00:00:00.000000', '0000-00-00 00:00:00.000000', '0000-00-00 00:00:00.000000', 51.2, 'paid', '', 'wang xi ', 35, 'gowest.wang@gmail.com', 'China beijing 北京市三里河路9号乙1楼2204', 0, '', '100037'),
(130, 'CF5112AE-C4D5-B09D-C6E3-45FDB6740B06', '2015-08-27 07:47:05', '0000-00-00 00:00:00.000000', '0000-00-00 00:00:00.000000', '0000-00-00 00:00:00.000000', 149, 'new', '', 'wang xi ', 42, 'gowest.wang@gmail.com', 'China beijing 北京市三里河路9号乙1楼2204', 0, '', '100037');

-- --------------------------------------------------------

--
-- 表的结构 `ord_status`
--

CREATE TABLE IF NOT EXISTS `ord_status` (
  `id` int(50) NOT NULL,
  `status_uuid` char(50) NOT NULL,
  `mailing_address` char(50) NOT NULL,
  `post_code` char(10) NOT NULL,
  `ord_status` int(5) NOT NULL,
  `ord_name` char(20) NOT NULL,
  `whole_sale` int(11) DEFAULT '0'
) ENGINE=InnoDB DEFAULT CHARSET=utf8;

-- --------------------------------------------------------

--
-- 表的结构 `product_info`
--

CREATE TABLE IF NOT EXISTS `product_info` (
  `id` int(100) NOT NULL,
  `pro_name` varchar(100) CHARACTER SET utf8 NOT NULL,
  `pro_brand` varchar(100) CHARACTER SET utf8 NOT NULL,
  `pro_category` varchar(100) CHARACTER SET utf8 NOT NULL,
  `pro_img` varchar(9999) CHARACTER SET utf8 NOT NULL,
  `pro_description` text CHARACTER SET utf8 NOT NULL,
  `pro_o_price` float NOT NULL,
  `pro_weight` float NOT NULL,
  `pro_spec` varchar(20) CHARACTER SET utf8 NOT NULL,
  `pro_code` varchar(100) CHARACTER SET utf8 NOT NULL,
  `pro_onsell` int(10) NOT NULL DEFAULT '1',
  `promotion_id` int(11) DEFAULT NULL,
  `promotion_enabled` int(11) DEFAULT NULL,
  `whole_sale` int(11) NOT NULL DEFAULT '0',
  `pro_recommend` int(11) DEFAULT '0'
) ENGINE=InnoDB AUTO_INCREMENT=30 DEFAULT CHARSET=utf8 COLLATE=utf8_bin;

--
-- 转存表中的数据 `product_info`
--

INSERT INTO `product_info` (`id`, `pro_name`, `pro_brand`, `pro_category`, `pro_img`, `pro_description`, `pro_o_price`, `pro_weight`, `pro_spec`, `pro_code`, `pro_onsell`, `promotion_id`, `promotion_enabled`, `whole_sale`, `pro_recommend`) VALUES
(1, '测试1', 'brand_1', '3', 'image/pro_img/D43B8EFB-D6DD-A2F2-C0F3-10B3082D6AC6-1425345956.jpg', '', 2.5, 0.1, '', '25345ED5-8F06-6F07-949D-C9562E147C55', 1, 11, 0, 0, 0),
(2, '测试2', 'brand_1', '3', 'image/pro_img/D43B8EFB-D6DD-A2F2-C0F3-10B3082D6AC6-1425345956.jpg', '', 5, 0.15, '', 'DBEC3FB5-F942-F440-664A-4B2A16A4C80A1425341635', 1, 1438838904, 1, 0, 0),
(3, '测试3', 'brand_1', '3', 'image/pro_img/D43B8EFB-D6DD-A2F2-C0F3-10B3082D6AC6-1425345956.jpg', '哈哈', 10, 0.2, '100', '3E734DDC-59E5-0E9E-1931-29125E13574D-1425341665', 1, 1440887677, 1, 0, 0),
(4, '测试4', 'brand_1', '3', 'image/pro_img/D43B8EFB-D6DD-A2F2-C0F3-10B3082D6AC6-1425345956.jpg', '', 12.5, 0.25, '', '86CE0DA4-7B4E-9FA1-E79E-FF18FA2C8CC3-1425345872', 1, 1440887677, 1, 0, 0),
(5, '测测是是', 'brand_1', '3', 'image/pro_img/D43B8EFB-D6DD-A2F2-C0F3-10B3082D6AC6-1425345956.jpg', '', 15, 0.3, '', 'D43B8EFB-D6DD-A2F2-C0F3-10B3082D6AC6-1425345956', 1, 1438842597, 0, 0, 0),
(6, '重复测试', 'brand_1', '3', 'image/pro_img/D43B8EFB-D6DD-A2F2-C0F3-10B3082D6AC6-1425345956.jpg', '', 20, 0.35, '', '933C94C9-7361-0A6E-301C-8FD8DEE8A7A6-1425346440', 1, 11, 1, 0, 0),
(9, '测试药品', 'brand_2', '6', 'image/pro_img/44046AC4-572B-1B5D-54ED-3C65BA1FAE06-1429394517.jpg', '', 25, 0.4, '', '44046AC4-572B-1B5D-54ED-3C65BA1FAE06-1429394517', 1, 1438842597, 1, 0, 0),
(10, 'ceshi', 'brand_1', '6', 'image/pro_img/D938B0AB-AB4D-954A-226A-DCFB67B74800-1429394550.jpg', '', 30, 0.5, '', 'D938B0AB-AB4D-954A-226A-DCFB67B74800-1429394550', 1, 11, 1, 1, 0),
(11, '测试药品', 'brand_3', '4', 'image/pro_img/78267AE2-7FDA-567B-2398-3D336D960F67-1429399131.jpg', '', 32.5, 0.25, '', '78267AE2-7FDA-567B-2398-3D336D960F67-1429399131', 1, 11, 1, 0, 0),
(12, '测试药品', 'brand_3', '4', 'image/pro_img/78267AE2-7FDA-567B-2398-3D336D960F67-1429399131.jpg', '', 45, 0.2, '', '78267AE2-7FDA-567B-2398-3D336D960F67-1429399131', 1, 11, 1, 0, 0),
(13, '测试药品', 'brand_3', '4', 'image/pro_img/78267AE2-7FDA-567B-2398-3D336D960F67-1429399131.jpg', '', 50, 0.4, '', '78267AE2-7FDA-567B-2398-3D336D960F67-1429399131', 1, 11, 1, 0, 1),
(14, '1111111', 'brand_2', '4', 'image/pro_img/2AA02150-7FE4-D74E-70C0-52BF493CD934-1431883607.jpg', '', 55, 0.14, '', '2AA02150-7FE4-D74E-70C0-52BF493CD934-1431883607', 1, 11, 1, 0, 0),
(15, '11111', 'brand_2', '4', 'image/pro_img/11A57EF9-3339-EDE0-90D8-4EBF3560B6EC-1434000838.jpg', '', 99, 0.25, '', '11A57EF9-3339-EDE0-90D8-4EBF3560B6EC-1434000838', 1, 11, 1, 0, 0),
(16, '批发零售', 'brand_1', '4', 'image/pro_img/68F0E04E-C256-61A4-E600-EA137AAF797D-1437340224.jpg', '', 15, 0.1, '', '68F0E04E-C256-61A4-E600-EA137AAF797D-1437340224', 1, 11, 1, 1, 0),
(17, '11', '力达123', '', 'image/pro_img/80FDC817-5D7D-60CB-8A1A-C81B3918DFFA-1437981599.jpg', '', 0, 0, '', '80FDC817-5D7D-60CB-8A1A-C81B3918DFFA-1437981599', 1, 11, NULL, 0, 0),
(18, '1', '力达123', '', '../image/pro_img/A5191F9D-2D76-9B62-8F50-4361E762FEDB-1438065279.jpg', '', 0, 0, '', 'A5191F9D-2D76-9B62-8F50-4361E762FEDB-1438065279', 1, 11, NULL, 0, 0),
(19, '1122', '力达123', '3', 'image/pro_img/87F47204-9606-58DA-9F32-7823F237B80E-1438065423.jpg', '9900', 3344, 5566, '7788', '87F47204-9606-58DA-9F32-7823F237B80E-1438065423', 1, 11, NULL, 0, 0),
(20, 'aaa', '力达123', '3', 'image/pro_img/81C1479C-26B2-9AF5-D096-F9D055D770EC-1438066486.jpg', 'gfdgfdsf', 99, 123, '23', '81C1479C-26B2-9AF5-D096-F9D055D770EC-1438066486', 1, 11, NULL, 0, 0),
(21, '123213', '力达123', '3', 'image/pro_img/A24BAA4F-5D5B-E18E-5C6B-5672F1FD3D9A-1438066554.jpg', '123213', 12312, 123, '12321', 'A24BAA4F-5D5B-E18E-5C6B-5672F1FD3D9A-1438066554', 1, 11, NULL, 0, 0),
(22, '213213', '力达123', '3', 'image/pro_img/C4F5E5CB-C353-BA3E-1452-953AA39CDC3A-1438066633.jpg', '123213', 123213, 123213, '123213', 'C4F5E5CB-C353-BA3E-1452-953AA39CDC3A-1438066633', 1, 1438842597, 1, 1, 0),
(23, 'pifa', '力达123', '3', 'image/pro_img/C2EBED94-45B5-F069-6207-F79C6FDB231F-1438066676.jpg', '1', 1, 1, '1', 'C2EBED94-45B5-F069-6207-F79C6FDB231F-1438066676', 1, 1438842597, 1, 1, 0),
(24, 'pp', '力达123', '3', 'image/pro_img/471099EE-752C-DB2B-2CFD-3A3F035F26D0-1438067260.jpg', 'asdsa', 123, 12, '13', '471099EE-752C-DB2B-2CFD-3A3F035F26D0-1438067260', 1, 1438842597, 1, 1, 0),
(25, 'tt', '力达123', '3', 'image/pro_img/27A43741-6022-D403-FD29-CADF373DA043-1438067352.jpg', '1', 1, 1.2, '1', '27A43741-6022-D403-FD29-CADF373DA043-1438067352', 1, 1438842597, 1, 1, 0),
(26, 'ee111', 'GNC', '6', 'image/pro_img/0D0990F8-90D0-5A1C-81E0-D40E2834DC1D-1438067398.jpg', '1', 11, 119, '119', '0D0990F8-90D0-5A1C-81E0-D40E2834DC1D-1438067398', 1, 1438842597, 1, 1, 0),
(27, 'ffaapp', 'GNC', '20', 'image/pro_img/F6A3F195-9B5D-567B-10C5-5C57B066BC46-1438067425.jpg', '2', 299, 299, '299', 'F6A3F195-9B5D-567B-10C5-5C57B066BC46-1438067425', 1, 1438842597, 1, 1, 1),
(28, '免运阁', '宝力', '3', 'image/pro_img/1900948C-48A2-3060-E9F2-6B1960654241-1442773292.jpg', '', 1, 1, '1', '1900948C-48A2-3060-E9F2-6B1960654241-1442773292', 1, 1442773479, 1, 1, 0),
(29, '无促销', '力达123', '3', 'image/pro_img/ED610AB0-F803-918B-1ABD-B32064C885C6-1442788417.jpg', '99', 99, 99, '99', 'ED610AB0-F803-918B-1ABD-B32064C885C6-1442788417', 1, NULL, NULL, 0, 0);

-- --------------------------------------------------------

--
-- 表的结构 `pro_brand_list`
--

CREATE TABLE IF NOT EXISTS `pro_brand_list` (
  `id` int(11) NOT NULL,
  `pro_brand_name` varchar(100) CHARACTER SET utf8 NOT NULL,
  `brand_des` varchar(500) CHARACTER SET utf8 NOT NULL
) ENGINE=InnoDB AUTO_INCREMENT=10 DEFAULT CHARSET=utf8 COLLATE=utf8_bin;

--
-- 转存表中的数据 `pro_brand_list`
--

INSERT INTO `pro_brand_list` (`id`, `pro_brand_name`, `brand_des`) VALUES
(1, '力达123', '123'),
(2, '宝力', '34'),
(3, '美湖', ''),
(4, 'GNC', ''),
(5, 'test', ''),
(7, 'sfsafsf', ''),
(8, 'test', ''),
(9, '', '');

-- --------------------------------------------------------

--
-- 表的结构 `pro_buy_get`
--

CREATE TABLE IF NOT EXISTS `pro_buy_get` (
  `id` int(11) NOT NULL,
  `promotion_id` text COLLATE utf8_bin NOT NULL,
  `pro_buy` int(11) NOT NULL,
  `pro_get` int(11) NOT NULL,
  `pro_start_time` timestamp NOT NULL DEFAULT CURRENT_TIMESTAMP ON UPDATE CURRENT_TIMESTAMP,
  `pro_end_time` timestamp NOT NULL DEFAULT '0000-00-00 00:00:00',
  `pro_endless` int(11) NOT NULL,
  `pro_enabled` int(11) NOT NULL
) ENGINE=InnoDB AUTO_INCREMENT=2 DEFAULT CHARSET=utf8 COLLATE=utf8_bin;

--
-- 转存表中的数据 `pro_buy_get`
--

INSERT INTO `pro_buy_get` (`id`, `promotion_id`, `pro_buy`, `pro_get`, `pro_start_time`, `pro_end_time`, `pro_endless`, `pro_enabled`) VALUES
(1, '1', 3, 1, '2015-06-10 07:00:00', '2015-06-30 07:00:00', 1, 1);

-- --------------------------------------------------------

--
-- 表的结构 `pro_category`
--

CREATE TABLE IF NOT EXISTS `pro_category` (
  `pro_cate_name` varchar(100) CHARACTER SET utf8 NOT NULL,
  `upper_cate` varchar(100) CHARACTER SET utf8 NOT NULL,
  `keyword` varchar(100) CHARACTER SET utf8 DEFAULT NULL,
  `reserve` varchar(100) CHARACTER SET latin1 DEFAULT NULL,
  `id` int(255) NOT NULL
) ENGINE=InnoDB AUTO_INCREMENT=22 DEFAULT CHARSET=utf8 COLLATE=utf8_bin;

--
-- 转存表中的数据 `pro_category`
--

INSERT INTO `pro_category` (`pro_cate_name`, `upper_cate`, `keyword`, `reserve`, `id`) VALUES
('抗癌药', '34', NULL, NULL, 3),
('抗癌药1', '34', NULL, NULL, 4),
('抗癌药44444', '34', NULL, NULL, 6),
('肌肉增长系列', '43', NULL, NULL, 7),
('关节保护系列', '43', NULL, NULL, 8),
('蛋白粉', '45', NULL, NULL, 9),
('肌酸', '45', NULL, NULL, 10),
('皮肤美白', '46', NULL, NULL, 11),
('去除色斑', '46', NULL, NULL, 12),
('液体钙系列', '47', NULL, NULL, 13),
('维生素D', '47', NULL, NULL, 14),
('儿童奶粉', '53', NULL, NULL, 15),
('果味维生素', '53', NULL, NULL, 16),
('抗癌药230', '', NULL, NULL, 18),
('抗癌药230', '', NULL, NULL, 19),
('抗癌药230', '', NULL, NULL, 20),
('', '', NULL, NULL, 21);

-- --------------------------------------------------------

--
-- 表的结构 `pro_discount`
--

CREATE TABLE IF NOT EXISTS `pro_discount` (
  `id` int(50) NOT NULL,
  `promotion_id` text CHARACTER SET utf8 NOT NULL,
  `discount_value` int(10) DEFAULT NULL,
  `pro_buy` int(11) DEFAULT NULL,
  `pro_get` int(11) DEFAULT NULL,
  `pro_type` int(11) NOT NULL,
  `dis_start_time` timestamp NOT NULL DEFAULT CURRENT_TIMESTAMP ON UPDATE CURRENT_TIMESTAMP,
  `dis_end_time` timestamp NOT NULL DEFAULT '0000-00-00 00:00:00',
  `dis_endless` int(11) NOT NULL,
  `dis_enabled` int(11) NOT NULL,
  `pro_price` float NOT NULL
) ENGINE=InnoDB AUTO_INCREMENT=21 DEFAULT CHARSET=utf8 COLLATE=utf8_bin;

--
-- 转存表中的数据 `pro_discount`
--

INSERT INTO `pro_discount` (`id`, `promotion_id`, `discount_value`, `pro_buy`, `pro_get`, `pro_type`, `dis_start_time`, `dis_end_time`, `dis_endless`, `dis_enabled`, `pro_price`) VALUES
(1, '11', 80, 0, 0, 1, '2015-06-11 06:47:02', '2015-10-22 07:00:00', 1, 1, 0),
(3, '3', NULL, 0, 0, 3, '2015-06-11 07:00:00', '2015-06-30 07:00:00', 1, 1, 20),
(5, '1438838904', NULL, 3, 2, 2, '2015-08-29 22:33:02', '0000-00-00 00:00:00', 1, 1, 0),
(6, '1438838916', NULL, 3, 1, 2, '2015-08-29 22:32:11', '0000-00-00 00:00:00', 1, 1, 0),
(8, '1438838940', NULL, 2, 1, 2, '2015-08-29 22:32:57', '0000-00-00 00:00:00', 1, 1, 0),
(16, '1438842331', 98, NULL, NULL, 1, '2015-08-12 07:11:14', '0000-00-00 00:00:00', 0, 0, 0),
(17, '1438842597', NULL, NULL, NULL, 4, '2015-08-06 06:29:57', '0000-00-00 00:00:00', 1, 1, 0),
(18, '1440227113', NULL, 12, 1, 2, '2015-08-22 07:05:13', '0000-00-00 00:00:00', 1, 1, 0),
(19, '1440887677', NULL, 2, 2, 2, '2015-09-20 18:38:30', '0000-00-00 00:00:00', 1, 0, 0),
(20, '1442773479', NULL, NULL, NULL, 4, '2015-09-20 18:24:39', '0000-00-00 00:00:00', 1, 1, 0);

-- --------------------------------------------------------

--
-- 表的结构 `pro_extra_info`
--

CREATE TABLE IF NOT EXISTS `pro_extra_info` (
  `id` int(100) NOT NULL,
  `pro_code` varchar(100) CHARACTER SET utf8 NOT NULL,
  `pro_r_price` float NOT NULL,
  `pro_keyword` varchar(100) CHARACTER SET utf8 NOT NULL,
  `preferential_enable` tinyint(1) NOT NULL DEFAULT '0',
  `buy_quantity` int(11) NOT NULL,
  `get_quantity` int(11) NOT NULL,
  `get_price` float NOT NULL,
  `pro_weight` float NOT NULL,
  `specification` varchar(100) CHARACTER SET utf8mb4 NOT NULL,
  `pro_img` varchar(100) CHARACTER SET utf8 NOT NULL,
  `111` int(11) NOT NULL
) ENGINE=InnoDB AUTO_INCREMENT=14 DEFAULT CHARSET=utf8 COLLATE=utf8_bin;

--
-- 转存表中的数据 `pro_extra_info`
--

INSERT INTO `pro_extra_info` (`id`, `pro_code`, `pro_r_price`, `pro_keyword`, `preferential_enable`, `buy_quantity`, `get_quantity`, `get_price`, `pro_weight`, `specification`, `pro_img`, `111`) VALUES
(1, '66C7E4F7-E319-FED1-6AD0-A09F15C51984-1425346373', 0, '', 0, 3, 1, 0, 0, '', 'image/pro_img/66C7E4F7-E319-FED1-6AD0-A09F15C51984-1425346373.jpg', 0),
(2, '933C94C9-7361-0A6E-301C-8FD8DEE8A7A6-1425346440', 0, '', 0, 4, 1, 0, 0, '', 'image/pro_img/933C94C9-7361-0A6E-301C-8FD8DEE8A7A6-1425346440.jpg', 0),
(3, '541648DD-ADCC-C21C-AC0D-A2393F7F1DBE-1429394071', 0, '', 0, 3, 2, 0, 0, '', 'image/pro_img/541648DD-ADCC-C21C-AC0D-A2393F7F1DBE-1429394071.jpg', 0),
(4, '0A1708D3-F218-F05C-E569-99EEE10F5F79-1429394328', 0, '', 0, 1, 1, 0, 0, '', 'image/pro_img/0A1708D3-F218-F05C-E569-99EEE10F5F79-1429394328.jpg', 0),
(5, '44046AC4-572B-1B5D-54ED-3C65BA1FAE06-1429394517', 0, '', 0, 0, 0, 0, 0, '', 'image/pro_img/44046AC4-572B-1B5D-54ED-3C65BA1FAE06-1429394517.jpg', 0),
(6, 'D938B0AB-AB4D-954A-226A-DCFB67B74800-1429394550', 0, '', 0, 0, 0, 0, 0, '', 'image/pro_img/D938B0AB-AB4D-954A-226A-DCFB67B74800-1429394550.jpg', 0),
(7, '78267AE2-7FDA-567B-2398-3D336D960F67-1429399131', 0, '', 0, 0, 0, 0, 0, '', 'image/pro_img/78267AE2-7FDA-567B-2398-3D336D960F67-1429399131.jpg', 0),
(8, '2AA02150-7FE4-D74E-70C0-52BF493CD934-1431883607', 0, '', 0, 0, 0, 0, 0, '', 'image/pro_img/2AA02150-7FE4-D74E-70C0-52BF493CD934-1431883607.jpg', 0),
(9, '11A57EF9-3339-EDE0-90D8-4EBF3560B6EC-1434000838', 0, '', 0, 0, 0, 0, 0, '', 'image/pro_img/11A57EF9-3339-EDE0-90D8-4EBF3560B6EC-1434000838.jpg', 0),
(10, '1', 1, '1', 0, 1, 1, 1, 1, '1', '1', 0),
(11, '68F0E04E-C256-61A4-E600-EA137AAF797D-1437340224', 0, '', 0, 0, 0, 0, 0, '', 'image/pro_img/68F0E04E-C256-61A4-E600-EA137AAF797D-1437340224.jpg', 0),
(12, '80FDC817-5D7D-60CB-8A1A-C81B3918DFFA-1437981599', 0, '', 0, 0, 0, 0, 0, '', '../image/pro_img/80FDC817-5D7D-60CB-8A1A-C81B3918DFFA-1437981599.jpg', 0),
(13, '1B7F5828-0103-3217-CEBD-82C33571AAE5-1437982698', 0, '', 0, 0, 0, 0, 0, '', '../image/pro_img/1B7F5828-0103-3217-CEBD-82C33571AAE5-1437982698.jpg', 0);

-- --------------------------------------------------------

--
-- 表的结构 `pro_img`
--

CREATE TABLE IF NOT EXISTS `pro_img` (
  `pro_uuid` varchar(100) CHARACTER SET utf8 NOT NULL,
  `pro_pic` varchar(100) CHARACTER SET utf8 NOT NULL,
  `id` int(100) NOT NULL
) ENGINE=InnoDB AUTO_INCREMENT=3 DEFAULT CHARSET=utf8 COLLATE=utf8_bin;

--
-- 转存表中的数据 `pro_img`
--

INSERT INTO `pro_img` (`pro_uuid`, `pro_pic`, `id`) VALUES
('DBEC3FB5-F942-F440-664A-4B2A16A4C80A1425341635', 'image/pro_img/D43B8EFB-D6DD-A2F2-C0F3-10B3082D6AC6-1425345956.jpg', 1),
('DBEC3FB5-F942-F440-664A-4B2A16A4C80A1425341635', 'image/pro_img/D43B8EFB-D6DD-A2F2-C0F3-10B3082D6AC6-1425345956.jpg', 2);

-- --------------------------------------------------------

--
-- 表的结构 `shipping_fee`
--

CREATE TABLE IF NOT EXISTS `shipping_fee` (
  `id` int(50) NOT NULL,
  `shipping_country` char(50) NOT NULL,
  `shipping_type` char(50) NOT NULL,
  `shipping_basefee` float NOT NULL,
  `shipping_extrafee` float NOT NULL
) ENGINE=InnoDB AUTO_INCREMENT=7 DEFAULT CHARSET=utf8;

--
-- 转存表中的数据 `shipping_fee`
--

INSERT INTO `shipping_fee` (`id`, `shipping_country`, `shipping_type`, `shipping_basefee`, `shipping_extrafee`) VALUES
(1, 'China', 'common', 35, 10),
(2, 'Canada', 'common', 20, 10),
(3, 'Canada', 'extra', 30, 15),
(4, 'USA', 'common', 25, 15),
(5, 'USA', 'extra', 35, 20),
(6, 'other', 'common', 60, 20);

-- --------------------------------------------------------

--
-- 表的结构 `tax_rate`
--

CREATE TABLE IF NOT EXISTS `tax_rate` (
  `id` int(11) NOT NULL,
  `country` varchar(20) NOT NULL,
  `tax_type` varchar(20) NOT NULL,
  `tax_rate` float NOT NULL
) ENGINE=InnoDB AUTO_INCREMENT=4 DEFAULT CHARSET=utf8;

--
-- 转存表中的数据 `tax_rate`
--

INSERT INTO `tax_rate` (`id`, `country`, `tax_type`, `tax_rate`) VALUES
(1, 'Canada', 'PST+GST', 12),
(2, 'China', 'TAX', 0),
(3, 'USA', 'GST+PST', 10);

-- --------------------------------------------------------

--
-- 表的结构 `user_extra_info`
--

CREATE TABLE IF NOT EXISTS `user_extra_info` (
  `id` int(100) NOT NULL,
  `user_country` varchar(100) CHARACTER SET utf8 NOT NULL,
  `user_province` varchar(100) CHARACTER SET utf8 NOT NULL,
  `user_postcode` varchar(100) CHARACTER SET utf8 NOT NULL,
  `user_mailing_address` varchar(100) CHARACTER SET utf8 NOT NULL,
  `user_email` varchar(100) CHARACTER SET utf8 NOT NULL,
  `user_phone` varchar(20) COLLATE utf8_bin NOT NULL
) ENGINE=InnoDB AUTO_INCREMENT=3 DEFAULT CHARSET=utf8 COLLATE=utf8_bin;

--
-- 转存表中的数据 `user_extra_info`
--

INSERT INTO `user_extra_info` (`id`, `user_country`, `user_province`, `user_postcode`, `user_mailing_address`, `user_email`, `user_phone`) VALUES
(1, 'China', 'beijing', '100037', '北京市三里河路9号乙1楼2204', 'gowest.wang@gmail.com', '13621245175'),
(2, 'Canada', 'BC', 'V5H4A3', '1110-4104 maywood street', 'mercury_date@hotmail.com', '6043770263');

-- --------------------------------------------------------

--
-- 表的结构 `user_info`
--

CREATE TABLE IF NOT EXISTS `user_info` (
  `id` int(100) NOT NULL,
  `first_name` varchar(100) CHARACTER SET utf8 NOT NULL,
  `last_name` varchar(100) CHARACTER SET utf8 NOT NULL,
  `email` varchar(100) CHARACTER SET utf8 NOT NULL,
  `user_password` varchar(100) CHARACTER SET utf8 NOT NULL,
  `user_group` varchar(100) CHARACTER SET utf8 NOT NULL,
  `actived` tinyint(1) DEFAULT NULL
) ENGINE=InnoDB AUTO_INCREMENT=9 DEFAULT CHARSET=utf8 COLLATE=utf8_bin;

--
-- 转存表中的数据 `user_info`
--

INSERT INTO `user_info` (`id`, `first_name`, `last_name`, `email`, `user_password`, `user_group`, `actived`) VALUES
(1, 'aaa', 'bbb', 'aaa@aaa.com', '', '', NULL),
(2, 'xi ', 'wang', 'gowest.wang@gmail.com', 'e10adc3949ba59abbe56e057f20f883e', '', NULL),
(3, 'zhang ', 'tingting', '123@234.com', 'e10adc3949ba59abbe56e057f20f883e', '', NULL),
(4, 'qqq ', 'qqq', 'qqq@qqq.com', 'e10adc3949ba59abbe56e057f20f883e', '', NULL),
(5, 'uuu ', 'uuu', 'uuu@uuu.com', 'e10adc3949ba59abbe56e057f20f883e', '', NULL),
(6, 'bbbb ', 'aaa', 'eeee@eee.com', 'e3ceb5881a0a1fdaad01296d7554868d', '', NULL),
(7, '1111 ', 'qqqq', 'ad@ada.com', '96e79218965eb72c92a549dd5a330112', '', NULL),
(8, 'xi ', 'wang', 'mercury_date@hotmail.com', 'e10adc3949ba59abbe56e057f20f883e', '', NULL);

--
-- Indexes for dumped tables
--

--
-- Indexes for table `menu_category`
--
ALTER TABLE `menu_category`
  ADD PRIMARY KEY (`id`),
  ADD UNIQUE KEY `id` (`id`);

--
-- Indexes for table `ord_product`
--
ALTER TABLE `ord_product`
  ADD PRIMARY KEY (`id`);

--
-- Indexes for table `ord_record`
--
ALTER TABLE `ord_record`
  ADD PRIMARY KEY (`id`);

--
-- Indexes for table `ord_status`
--
ALTER TABLE `ord_status`
  ADD PRIMARY KEY (`id`);

--
-- Indexes for table `product_info`
--
ALTER TABLE `product_info`
  ADD PRIMARY KEY (`id`);

--
-- Indexes for table `pro_brand_list`
--
ALTER TABLE `pro_brand_list`
  ADD PRIMARY KEY (`id`);

--
-- Indexes for table `pro_buy_get`
--
ALTER TABLE `pro_buy_get`
  ADD PRIMARY KEY (`id`);

--
-- Indexes for table `pro_category`
--
ALTER TABLE `pro_category`
  ADD PRIMARY KEY (`id`),
  ADD UNIQUE KEY `id` (`id`);

--
-- Indexes for table `pro_discount`
--
ALTER TABLE `pro_discount`
  ADD PRIMARY KEY (`id`);

--
-- Indexes for table `pro_extra_info`
--
ALTER TABLE `pro_extra_info`
  ADD PRIMARY KEY (`id`);

--
-- Indexes for table `pro_img`
--
ALTER TABLE `pro_img`
  ADD PRIMARY KEY (`id`);

--
-- Indexes for table `shipping_fee`
--
ALTER TABLE `shipping_fee`
  ADD PRIMARY KEY (`id`);

--
-- Indexes for table `tax_rate`
--
ALTER TABLE `tax_rate`
  ADD PRIMARY KEY (`id`);

--
-- Indexes for table `user_extra_info`
--
ALTER TABLE `user_extra_info`
  ADD PRIMARY KEY (`id`);

--
-- Indexes for table `user_info`
--
ALTER TABLE `user_info`
  ADD PRIMARY KEY (`id`);

--
-- AUTO_INCREMENT for dumped tables
--

--
-- AUTO_INCREMENT for table `menu_category`
--
ALTER TABLE `menu_category`
  MODIFY `id` int(255) NOT NULL AUTO_INCREMENT,AUTO_INCREMENT=69;
--
-- AUTO_INCREMENT for table `ord_product`
--
ALTER TABLE `ord_product`
  MODIFY `id` int(40) NOT NULL AUTO_INCREMENT,AUTO_INCREMENT=203;
--
-- AUTO_INCREMENT for table `ord_record`
--
ALTER TABLE `ord_record`
  MODIFY `id` int(20) NOT NULL AUTO_INCREMENT,AUTO_INCREMENT=131;
--
-- AUTO_INCREMENT for table `ord_status`
--
ALTER TABLE `ord_status`
  MODIFY `id` int(50) NOT NULL AUTO_INCREMENT;
--
-- AUTO_INCREMENT for table `product_info`
--
ALTER TABLE `product_info`
  MODIFY `id` int(100) NOT NULL AUTO_INCREMENT,AUTO_INCREMENT=30;
--
-- AUTO_INCREMENT for table `pro_brand_list`
--
ALTER TABLE `pro_brand_list`
  MODIFY `id` int(11) NOT NULL AUTO_INCREMENT,AUTO_INCREMENT=10;
--
-- AUTO_INCREMENT for table `pro_buy_get`
--
ALTER TABLE `pro_buy_get`
  MODIFY `id` int(11) NOT NULL AUTO_INCREMENT,AUTO_INCREMENT=2;
--
-- AUTO_INCREMENT for table `pro_category`
--
ALTER TABLE `pro_category`
  MODIFY `id` int(255) NOT NULL AUTO_INCREMENT,AUTO_INCREMENT=22;
--
-- AUTO_INCREMENT for table `pro_discount`
--
ALTER TABLE `pro_discount`
  MODIFY `id` int(50) NOT NULL AUTO_INCREMENT,AUTO_INCREMENT=21;
--
-- AUTO_INCREMENT for table `pro_extra_info`
--
ALTER TABLE `pro_extra_info`
  MODIFY `id` int(100) NOT NULL AUTO_INCREMENT,AUTO_INCREMENT=14;
--
-- AUTO_INCREMENT for table `pro_img`
--
ALTER TABLE `pro_img`
  MODIFY `id` int(100) NOT NULL AUTO_INCREMENT,AUTO_INCREMENT=3;
--
-- AUTO_INCREMENT for table `shipping_fee`
--
ALTER TABLE `shipping_fee`
  MODIFY `id` int(50) NOT NULL AUTO_INCREMENT,AUTO_INCREMENT=7;
--
-- AUTO_INCREMENT for table `tax_rate`
--
ALTER TABLE `tax_rate`
  MODIFY `id` int(11) NOT NULL AUTO_INCREMENT,AUTO_INCREMENT=4;
--
-- AUTO_INCREMENT for table `user_extra_info`
--
ALTER TABLE `user_extra_info`
  MODIFY `id` int(100) NOT NULL AUTO_INCREMENT,AUTO_INCREMENT=3;
--
-- AUTO_INCREMENT for table `user_info`
--
ALTER TABLE `user_info`
  MODIFY `id` int(100) NOT NULL AUTO_INCREMENT,AUTO_INCREMENT=9;
/*!40101 SET CHARACTER_SET_CLIENT=@OLD_CHARACTER_SET_CLIENT */;
/*!40101 SET CHARACTER_SET_RESULTS=@OLD_CHARACTER_SET_RESULTS */;
/*!40101 SET COLLATION_CONNECTION=@OLD_COLLATION_CONNECTION */;
